model_seed,matched_block_count,d_seed,mean_d,min_d,max_d,confirmatory_decision_made
9,18,-0.20788127820454141,-0.19297040462120896,-0.24577149272885124,-0.1261054979077202,False
