model_seed,matched_block_count,d_seed,mean_d,min_d,max_d,confirmatory_decision_made
0,6,0.1068076862241321,0.10311969935162203,0.08164171508465122,0.11841708384892863,False
