model_seed,matched_block_count,d_seed,mean_d,min_d,max_d,confirmatory_decision_made
6,18,-0.1957111993747536,-0.18282043523790664,-0.21605114715967183,-0.11375405348186164,False
