model_seed,matched_block_count,d_seed,mean_d,min_d,max_d,confirmatory_decision_made
4,18,-0.19057905328028377,-0.18503416652693808,-0.23508534802125017,-0.13187749240622063,False
