model_seed,matched_block_count,d_seed,mean_d,min_d,max_d,confirmatory_decision_made
0,6,-0.17658249921962788,-0.17740587571619984,-0.2426165939379582,-0.10682358595254275,False
