model_seed,matched_block_count,d_seed,mean_d,min_d,max_d,confirmatory_decision_made
2,18,-0.18016698531213707,-0.18319932902144712,-0.2280644891936122,-0.11471683893859984,False
