model_seed,matched_block_count,d_seed,mean_d,min_d,max_d,confirmatory_decision_made
8,18,-0.18862187616037485,-0.18872530373965857,-0.22858074407834325,-0.14507052782788135,False
