model_seed,matched_block_count,d_seed,mean_d,min_d,max_d,confirmatory_decision_made
3,18,-0.19069109346537144,-0.18661426499894646,-0.23666191169156944,-0.10869500362696319,False
