model_seed,matched_block_count,d_seed,mean_d,min_d,max_d,confirmatory_decision_made
5,18,-0.19019312702398197,-0.1896899447445717,-0.23170645446013888,-0.118885250159248,False
