model_seed,matched_block_count,d_seed,mean_d,min_d,max_d,confirmatory_decision_made
1,18,-0.1911865144475936,-0.19732257020911076,-0.23033408747084821,-0.1666936750205524,False
