model_seed,matched_block_count,d_seed,mean_d,min_d,max_d,confirmatory_decision_made
7,18,-0.20117356769581987,-0.20049232812911233,-0.23266004984770736,-0.16377829229614768,False
