model_seed,matched_block_count,d_seed,mean_d,min_d,max_d,confirmatory_decision_made
0,18,-0.18797248545840936,-0.18725522745742268,-0.2476483933698312,-0.11089603148482469,False
