=== QWAKE NEW C1 REQUEST FREEZE INDEPENDENT VERIFICATION V1 ===
READ_ONLY=true
GIT_MUTATION_INVOKED=false
DOCKER_BUILD_INVOKED=false
DOCKER_RUN_INVOKED=false
IMAGE_MUTATION_INVOKED=false
SCIENTIFIC_AUTHORIZATION_ISSUED=false
ATTEMPT002_CREATED=false
SCIENTIFIC_EXECUTION_OPEN=false
TEST_DATASET_ACCESS=false
PUBLICATION_PERMITTED=false
/home/dzmitry-prychyna/torch2pc-layerwise-thesis-c1-hostfix-request-freeze-integration-v1
4e8f293d209bdc1661f8fca9095e5c522673b559
d58d96865f35c1f387f9b3406380f238280cd7da
4e8f293d209bdc1661f8fca9095e5c522673b559	refs/heads/main
855889593a33bb6450e31cfc9feb152d14bd5292
CANONICAL_MAIN_EXACT=true
BAKED_IMAGE_SOURCE_IDENTITY_EXACT=true
BAKED_IMAGE_SOURCE_IS_ANCESTOR_OF_CANONICAL_MAIN=true
=== QWAKE C1 HOSTFIX IMAGE FREEZE REPOSITORY POST-MERGE VERIFY V1 ===
READ_ONLY=true
GIT_MUTATION_INVOKED=false
DOCKER_BUILD_INVOKED=false
DOCKER_RUN_INVOKED=false
IMAGE_MUTATION_INVOKED=false
NEW_C1_REQUEST_FROZEN=false
NEW_C1_EXECUTION_AUTHORIZATION_ISSUED=false
ATTEMPT002_CREATED=false
SCIENTIFIC_EXECUTION_OPEN=false
TEST_DATASET_ACCESS=false
PUBLICATION_PERMITTED=false
/home/dzmitry-prychyna/torch2pc-layerwise-thesis-c1-hostfix-request-freeze-integration-v1
4e8f293d209bdc1661f8fca9095e5c522673b559
d58d96865f35c1f387f9b3406380f238280cd7da
4e8f293d209bdc1661f8fca9095e5c522673b559 98cff5b2ecd64e1c96e19f0b04104ac00a5c3cf2 02d4ba8e283977f8e12920289d9ce7f9c1103583
4e8f293d209bdc1661f8fca9095e5c522673b559	refs/heads/main
98cff5b2ecd64e1c96e19f0b04104ac00a5c3cf2
d58d96865f35c1f387f9b3406380f238280cd7da
.gitattributes
STATUS.md
STATUS_EN.md
docs/decisions/ADR-130-stage3b-qwake-c1-host-identity-corrected-scientific-image-freeze.md
docs/decisions/ADR-130-stage3b-qwake-c1-host-identity-corrected-scientific-image-freeze_EN.md
docs/decisions/index.md
docs/decisions/index_EN.md
docs/language-map.csv
experiments/frozen/stage3b-qwake-c1-host-identity-corrected-scientific-image-freeze-v1/SHA256SUMS
experiments/frozen/stage3b-qwake-c1-host-identity-corrected-scientific-image-freeze-v1/authorization.json
experiments/frozen/stage3b-qwake-c1-host-identity-corrected-scientific-image-freeze-v1/build-outcome.json
experiments/frozen/stage3b-qwake-c1-host-identity-corrected-scientific-image-freeze-v1/dataset-absence.log
experiments/frozen/stage3b-qwake-c1-host-identity-corrected-scientific-image-freeze-v1/freeze.json
experiments/frozen/stage3b-qwake-c1-host-identity-corrected-scientific-image-freeze-v1/image-build.log
experiments/frozen/stage3b-qwake-c1-host-identity-corrected-scientific-image-freeze-v1/image-inspection.json
experiments/frozen/stage3b-qwake-c1-host-identity-corrected-scientific-image-freeze-v1/independent-verification.log
experiments/frozen/stage3b-qwake-c1-host-identity-corrected-scientific-image-freeze-v1/materialization-attempt.json
experiments/frozen/stage3b-qwake-c1-host-identity-corrected-scientific-image-freeze-v1/pip-check.log
experiments/frozen/stage3b-qwake-c1-host-identity-corrected-scientific-image-freeze-v1/pip-freeze.txt
experiments/frozen/stage3b-qwake-c1-host-identity-corrected-scientific-image-freeze-v1/post-merge-verification.log
experiments/frozen/stage3b-qwake-c1-host-identity-corrected-scientific-image-freeze-v1/repository-SHA256SUMS
experiments/frozen/stage3b-qwake-c1-host-identity-corrected-scientific-image-freeze-v1/repository-integration-authorization.json
experiments/frozen/stage3b-qwake-c1-host-identity-corrected-scientific-image-freeze-v1/repository-integration.json
experiments/frozen/stage3b-qwake-c1-host-identity-corrected-scientific-image-freeze-v1/runtime-closure-validation.log
experiments/frozen/stage3b-qwake-c1-host-identity-corrected-scientific-image-freeze-v1/runtime-manifest-identity.log
experiments/frozen/stage3b-qwake-c1-host-identity-corrected-scientific-image-freeze-v1/runtime-source-SHA256SUMS
experiments/frozen/stage3b-qwake-c1-host-identity-corrected-scientific-image-freeze-v1/source-identity.json
experiments/frozen/stage3b-qwake-c1-host-identity-corrected-scientific-image-freeze-v1/targeted-validation.log
experiments/frozen/stage3b-qwake-c1-host-identity-corrected-scientific-image-freeze-v1/train-only-isolation-validation.log
experiments/frozen/stage3b-qwake-c1-host-identity-corrected-scientific-image-freeze-v1/validation-summary.json
POST_MERGE_GIT_IDENTITY_EXACT=true
MERGE_COMMIT=4e8f293d209bdc1661f8fca9095e5c522673b559
MERGE_TREE=d58d96865f35c1f387f9b3406380f238280cd7da
MERGE_PARENT_1=98cff5b2ecd64e1c96e19f0b04104ac00a5c3cf2
MERGE_PARENT_2=02d4ba8e283977f8e12920289d9ce7f9c1103583
MERGE_TREE_EQUALS_AUTHORING_TREE=true
ORIGIN_MAIN_EQUALS_MERGE_COMMIT=true
BASE_TO_MERGE_SCOPE_EXACT=true
PATCH_PATH_COUNT=30
REPOSITORY_PACKAGE_INVENTORY_EXACT=true
REPOSITORY_PACKAGE_FILE_COUNT=22
{"attempt002_creation_permitted":false,"authoring_commit":"af8b25872ef6fa092fb3a24e9c390489aa23f986","authoring_diff_sha256":"3ed683fd5d21bcec645c3113c0239d40641d86ec6a5a35be406d28d95d876897","authorization_id":"stage3b-qwake-c1-host-identity-corrected-scientific-image-build-freeze-authorization-v1","authorization_phrase_sha256":"sha256:54f6439a7b27f3c606565061ed0216aab52af5d83e8c14d28507360399a09035","authorization_scope":"AUTHORIZE_NEW_CORRECTED_SCIENTIFIC_IMAGE_BUILD_FREEZE","authorization_sha256":"sha256:f342a1af92d89b8b7344f90163f4515d4e683b9889bc5088771bceffe3e75d77","authorized_at_local":"2026-08-12T18:23:00-03:00","automatic_retry_permitted":false,"base_image_id":"sha256:96a2fb24dec9896e2f8238178f0c49d0dcc4c7dcc597be09e4564316bd86d191","base_image_pull_permitted":false,"base_image_repo_digest":"rocm/pytorch@sha256:96a2fb24dec9896e2f8238178f0c49d0dcc4c7dcc597be09e4564316bd86d191","candidate_freeze_permitted":true,"candidate_validation_permitted":true,"docker_build_max_count":1,"docker_commit_permitted":false,"docker_tag_permitted":false,"git_mutation_permitted":false,"host_identity_correction_sha256":"sha256:dd827f2ecb5fc983ad9d800961c34f61d443240651dc007526332fe6215d24aa","image_tag":"torch2pc-layerwise-thesis:0.1.0-c1hostfix-98cff5b2ecd6","new_c1_execution_authorization_permitted":false,"new_c1_request_freeze_permitted":false,"new_c1_request_freeze_required_after_image_freeze":true,"post_merge_verifier_sha256":"sha256:9cf208694bffa6a9f7a1ae69963a7f289a17fb0b1c26c806d4beaa6dac73f98b","previous_c1_request_freeze_sha256":"sha256:340f46bae2ca11e679893464f9f430ac93f1af49d39606b57638ba714e131bcc","previous_c1_request_reusable":false,"previous_c1_request_sha256":"sha256:7e238ed8a61b7d80e52d67eef8a5f3af6e0c889c81b885a28a98df237284442e","previous_scientific_image_digest":"sha256:89703b0b37b2729855835a6ed19ba1ca397ae14614c318344bd7625d12c727ef","previous_scientific_image_freeze_sha256":"sha256:ce8c054c92df18512b2a88ac25148f44c15487d8c2d4e68d8751966ac17bf287","publication_permitted":false,"runtime_source_manifest_sha256":"sha256:fbfd01ecd41cc1615acef9f0fc9b3dd390e9605ebadd9a5dc86d78a425e2ac7b","schema_version":1,"scientific_execution_permitted":false,"source_commit":"98cff5b2ecd64e1c96e19f0b04104ac00a5c3cf2","source_overlay_permitted":false,"source_tree":"855889593a33bb6450e31cfc9feb152d14bd5292","test_dataset_access_permitted":false,"validation_docker_run_max_count":7}
=== QWAKE C1 HOST IDENTITY CORRECTION POST-MERGE VERIFY V1 ===
READ_ONLY=true
DOCKER_BUILD_INVOKED=false
DOCKER_RUN_INVOKED=false
SCIENTIFIC_AUTHORIZATION_ISSUED=false
SCIENTIFIC_EXECUTION_PERFORMED=false
ATTEMPT002_CREATED=false
/home/dzmitry-prychyna/torch2pc-layerwise-thesis-c1-hostfix-image-build-v1
98cff5b2ecd64e1c96e19f0b04104ac00a5c3cf2
855889593a33bb6450e31cfc9feb152d14bd5292
fe4ed4271a07dbf9334530a06f31ed57fc044d22 af8b25872ef6fa092fb3a24e9c390489aa23f986
fe4ed4271a07dbf9334530a06f31ed57fc044d22
855889593a33bb6450e31cfc9feb152d14bd5292
98cff5b2ecd64e1c96e19f0b04104ac00a5c3cf2	refs/heads/main
POST_MERGE_GIT_IDENTITY_EXACT=true
MERGE_COMMIT=98cff5b2ecd64e1c96e19f0b04104ac00a5c3cf2
MERGE_TREE=855889593a33bb6450e31cfc9feb152d14bd5292
MERGE_PARENT_1=fe4ed4271a07dbf9334530a06f31ed57fc044d22
MERGE_PARENT_2=af8b25872ef6fa092fb3a24e9c390489aa23f986
MERGE_TREE_EQUALS_AUTHORING_TREE=true
ORIGIN_MAIN_EQUALS_MERGE_COMMIT=true
STATUS.md
STATUS_EN.md
docs/decisions/ADR-129-stage3b-qwake-c1-attempt-001-host-identity-permission-correction.md
docs/decisions/ADR-129-stage3b-qwake-c1-attempt-001-host-identity-permission-correction_EN.md
docs/decisions/index.md
docs/decisions/index_EN.md
docs/language-map.csv
experiments/frozen/stage3b-qwake-c1-attempt-001-host-identity-permission-correction-v1/SHA256SUMS
experiments/frozen/stage3b-qwake-c1-attempt-001-host-identity-permission-correction-v1/attempt001-execution-outcome.json
experiments/frozen/stage3b-qwake-c1-attempt-001-host-identity-permission-correction-v1/attempt001-host-claim.json
experiments/frozen/stage3b-qwake-c1-attempt-001-host-identity-permission-correction-v1/attempt001-host-invocation.log
experiments/frozen/stage3b-qwake-c1-attempt-001-host-identity-permission-correction-v1/attempt001-permission-audit.log
experiments/frozen/stage3b-qwake-c1-attempt-001-host-identity-permission-correction-v1/attempt001-post-merge-verification.log
experiments/frozen/stage3b-qwake-c1-attempt-001-host-identity-permission-correction-v1/attempt001-scientific-authorization.json
experiments/frozen/stage3b-qwake-c1-attempt-001-host-identity-permission-correction-v1/attempt001-user-execution-authorization.json
experiments/frozen/stage3b-qwake-c1-attempt-001-host-identity-permission-correction-v1/correction-authorization.json
experiments/frozen/stage3b-qwake-c1-attempt-001-host-identity-permission-correction-v1/correction.json
experiments/frozen/stage3b-qwake-c1-attempt-001-host-identity-permission-correction-v1/runtime-SHA256SUMS
scripts/run_stage3b_qwake_scientific_campaign_host.py
tests/unit/test_stage3b_qwake_scientific_campaign.py
BASE_TO_MERGE_SCOPE_EXACT=true
PATCH_PATH_COUNT=20
CORRECTION_SELF_HASH_EXACT=true
C1_HOST_IDENTITY_CORRECTION_SHA256=sha256:dd827f2ecb5fc983ad9d800961c34f61d443240651dc007526332fe6215d24aa
SUCCESSOR_RUNTIME_MANIFEST_SHA256=sha256:fbfd01ecd41cc1615acef9f0fc9b3dd390e9605ebadd9a5dc86d78a425e2ac7b
PACKAGE_SHA256SUMS_ENTRY_COUNT=10
PACKAGE_SHA256SUMS_EXACT=true
SUCCESSOR_RUNTIME_SOURCE_CLOSURE_EXACT=true
SUCCESSOR_RUNTIME_SOURCE_PATH_COUNT=157
ATTEMPT001_AUTHORIZATION_CONSUMED=true
ATTEMPT001_RETRY_PERMITTED=false
ATTEMPT001_TERMINAL_FAILURE=true
CAP_DROP_ALL_PRESERVED=true
CAP_DAC_OVERRIDE_ADDED=false
CONTAINER_PRIMARY_IDENTITY_BOUND_TO_HOST_UID_GID=true
VIDEO_RENDER_SUPPLEMENTARY_GROUPS_BOUND=true
PRECLAIM_OUTPUT_OWNER_WRITE_CONTRACT=true
RUFF_FORWARD_RECOVERY_PROVENANCE_PRESENT=true
GLOSSARY_FORWARD_RECOVERY_PROVENANCE_PRESENT=true
SCIENTIFIC_RUNTIME_CHANGED_BY_GLOSSARY_RECOVERY=false
NEW_SCIENTIFIC_IMAGE_REQUIRED=true
=== LANGUAGE STRUCTURE ===
{
  "status": "ok",
  "pairs": 229,
  "errors": [],
  "warnings": [
    {
      "kind": "numeric_literal_drift",
      "russian": "docs/decisions/ADR-119-stage3b-qwake-attempt-004-cpu-measurement-stabilization.md",
      "english": "docs/decisions/ADR-119-stage3b-qwake-attempt-004-cpu-measurement-stabilization_EN.md",
      "russian_only": [
        "12"
      ],
      "english_only": []
    },
    {
      "kind": "numeric_literal_drift",
      "russian": "docs/decisions/ADR-120-stage3b-qwake-attempt-004-consolidated-execution-chain.md",
      "english": "docs/decisions/ADR-120-stage3b-qwake-attempt-004-consolidated-execution-chain_EN.md",
      "russian_only": [],
      "english_only": [
        "003"
      ]
    },
    {
      "kind": "numeric_literal_drift",
      "russian": "docs/decisions/ADR-126-stage3b-qwake-c1-train-only-dataset-isolation-correction.md",
      "english": "docs/decisions/ADR-126-stage3b-qwake-c1-train-only-dataset-isolation-correction_EN.md",
      "russian_only": [
        "28"
      ],
      "english_only": []
    }
  ],
  "fact_contract_pairs": 0,
  "source_contract_pairs": 10,
  "records": [
    {
      "russian": "README.md",
      "english": "README_EN.md",
      "russian_cyrillic_ratio": 0.8416,
      "english_latin_ratio": 0.9985,
      "russian_raw_cyrillic_ratio": 0.5309,
      "english_raw_latin_ratio": 0.9992,
      "language_surface": "markdown_prose"
    },
    {
      "russian": "STATUS.md",
      "english": "STATUS_EN.md",
      "russian_cyrillic_ratio": 0.9099,
      "english_latin_ratio": 0.9996,
      "russian_raw_cyrillic_ratio": 0.3506,
      "english_raw_latin_ratio": 0.9999,
      "language_surface": "markdown_prose"
    },
    {
      "russian": "ROADMAP.md",
      "english": "ROADMAP_EN.md",
      "russian_cyrillic_ratio": 0.7887,
      "english_latin_ratio": 0.9984,
      "russian_raw_cyrillic_ratio": 0.4667,
      "english_raw_latin_ratio": 0.9991,
      "language_surface": "markdown_prose"
    },
    {
      "russian": "CHANGELOG.md",
      "english": "CHANGELOG_EN.md",
      "russian_cyrillic_ratio": 0.7709,
      "english_latin_ratio": 0.999,
      "russian_raw_cyrillic_ratio": 0.6719,
      "english_raw_latin_ratio": 0.9991,
      "language_surface": "markdown_prose"
    },
    {
      "russian": "CONTRIBUTING.md",
      "english": "CONTRIBUTING_EN.md",
      "russian_cyrillic_ratio": 0.8974,
      "english_latin_ratio": 0.9676,
      "russian_raw_cyrillic_ratio": 0.7991,
      "english_raw_latin_ratio": 0.9709,
      "language_surface": "markdown_prose"
    },
    {
      "russian": "SECURITY.md",
      "english": "SECURITY_EN.md",
      "russian_cyrillic_ratio": 0.8441,
      "english_latin_ratio": 0.959,
      "russian_raw_cyrillic_ratio": 0.8197,
      "english_raw_latin_ratio": 0.9602,
      "language_surface": "markdown_prose"
    },
    {
      "russian": "CODE_OF_CONDUCT.md",
      "english": "CODE_OF_CONDUCT_EN.md",
      "russian_cyrillic_ratio": 0.8987,
      "english_latin_ratio": 0.9387,
      "russian_raw_cyrillic_ratio": 0.8361,
      "english_raw_latin_ratio": 0.9427,
      "language_surface": "markdown_prose"
    },
    {
      "russian": "LANGUAGE_POLICY.md",
      "english": "LANGUAGE_POLICY_EN.md",
      "russian_cyrillic_ratio": 0.9333,
      "english_latin_ratio": 0.9968,
      "russian_raw_cyrillic_ratio": 0.8221,
      "english_raw_latin_ratio": 0.9972,
      "language_surface": "markdown_prose"
    },
    {
      "russian": "docs/glossary.md",
      "english": "docs/glossary_EN.md",
      "russian_cyrillic_ratio": 0.9056,
      "english_latin_ratio": 0.9257,
      "russian_raw_cyrillic_ratio": 0.786,
      "english_raw_latin_ratio": 0.9365,
      "language_surface": "markdown_prose"
    },
    {
      "russian": "RESEARCH_PRINCIPLES.md",
      "english": "RESEARCH_PRINCIPLES_EN.md",
      "russian_cyrillic_ratio": 0.9383,
      "english_latin_ratio": 0.9863,
      "russian_raw_cyrillic_ratio": 0.9266,
      "english_raw_latin_ratio": 0.9867,
      "language_surface": "markdown_prose"
    },
    {
      "russian": "HYPOTHESES.md",
      "english": "HYPOTHESES_EN.md",
      "russian_cyrillic_ratio": 0.8455,
      "english_latin_ratio": 0.9974,
      "russian_raw_cyrillic_ratio": 0.7628,
      "english_raw_latin_ratio": 0.9977,
      "language_surface": "markdown_prose"
    },
    {
      "russian": "PREREGISTRATION.md",
      "english": "PREREGISTRATION_EN.md",
      "russian_cyrillic_ratio": 0.801,
      "english_latin_ratio": 0.9975,
      "russian_raw_cyrillic_ratio": 0.6972,
      "english_raw_latin_ratio": 0.9979,
      "language_surface": "markdown_prose"
    },
    {
      "russian": "PROJECT_STRUCTURE.md",
      "english": "PROJECT_STRUCTURE_EN.md",
      "russian_cyrillic_ratio": 0.7906,
      "english_latin_ratio": 0.9907,
      "russian_raw_cyrillic_ratio": 0.4515,
      "english_raw_latin_ratio": 0.9941,
      "language_surface": "markdown_prose"
    },
    {
      "russian": "FIRST_COMMIT.md",
      "english": "FIRST_COMMIT_EN.md",
      "russian_cyrillic_ratio": 0.9271,
      "english_latin_ratio": 0.8898,
      "russian_raw_cyrillic_ratio": 0.7205,
      "english_raw_latin_ratio": 0.9293,
      "language_surface": "markdown_prose"
    },
    {
      "russian": "article/README.md",
      "english": "article/README_EN.md",
      "russian_cyrillic_ratio": 0.9111,
      "english_latin_ratio": 0.9549,
      "russian_raw_cyrillic_ratio": 0.8333,
      "english_raw_latin_ratio": 0.9561,
      "language_surface": "markdown_prose"
    },
    {
      "russian": "article/structure.md",
      "english": "article/structure_EN.md",
      "russian_cyrillic_ratio": 0.9077,
      "english_latin_ratio": 0.9461,
      "russian_raw_cyrillic_ratio": 0.8502,
      "english_raw_latin_ratio": 0.9488,
      "language_surface": "markdown_prose"
    },
    {
      "russian": "configs/README.md",
      "english": "configs/README_EN.md",
      "russian_cyrillic_ratio": 0.6317,
      "english_latin_ratio": 0.9679,
      "russian_raw_cyrillic_ratio": 0.3767,
      "english_raw_latin_ratio": 0.9827,
      "language_surface": "markdown_prose"
    },
    {
      "russian": "data/README.md",
      "english": "data/README_EN.md",
      "russian_cyrillic_ratio": 0.9344,
      "english_latin_ratio": 0.9598,
      "russian_raw_cyrillic_ratio": 0.8551,
      "english_raw_latin_ratio": 0.9623,
      "language_surface": "markdown_prose"
    },
    {
      "russian": "experiments/README.md",
      "english": "experiments/README_EN.md",
      "russian_cyrillic_ratio": 0.9455,
      "english_latin_ratio": 0.9207,
      "russian_raw_cyrillic_ratio": 0.7455,
      "english_raw_latin_ratio": 0.9381,
      "language_surface": "markdown_prose"
    },
    {
      "russian": "experiments/planned/EXP-001.md",
      "english": "experiments/planned/EXP-001_EN.md",
      "russian_cyrillic_ratio": 0.7987,
      "english_latin_ratio": 0.9581,
      "russian_raw_cyrillic_ratio": 0.6297,
      "english_raw_latin_ratio": 0.9668,
      "language_surface": "markdown_prose"
    },
    {
      "russian": "external/README.md",
      "english": "external/README_EN.md",
      "russian_cyrillic_ratio": 0.7854,
      "english_latin_ratio": 0.967,
      "russian_raw_cyrillic_ratio": 0.6339,
      "english_raw_latin_ratio": 0.9698,
      "language_surface": "markdown_prose"
    },
    {
      "russian": "notebooks/README.md",
      "english": "notebooks/README_EN.md",
      "russian_cyrillic_ratio": 0.9536,
      "english_latin_ratio": 0.9316,
      "russian_raw_cyrillic_ratio": 0.8084,
      "english_raw_latin_ratio": 0.9478,
      "language_surface": "markdown_prose"
    },
    {
      "russian": "private/README.md",
      "english": "private/README_EN.md",
      "russian_cyrillic_ratio": 0.9524,
      "english_latin_ratio": 0.9672,
      "russian_raw_cyrillic_ratio": 0.8629,
      "english_raw_latin_ratio": 0.9696,
      "language_surface": "markdown_prose"
    },
    {
      "russian": "references/README.md",
      "english": "references/README_EN.md",
      "russian_cyrillic_ratio": 0.9421,
      "english_latin_ratio": 0.9529,
      "russian_raw_cyrillic_ratio": 0.8759,
      "english_raw_latin_ratio": 0.9564,
      "language_surface": "markdown_prose"
    },
    {
      "russian": "results/README.md",
      "english": "results/README_EN.md",
      "russian_cyrillic_ratio": 0.7071,
      "english_latin_ratio": 0.9458,
      "russian_raw_cyrillic_ratio": 0.5546,
      "english_raw_latin_ratio": 0.9587,
      "language_surface": "markdown_prose"
    },
    {
      "russian": "tests/correctness/README.md",
      "english": "tests/correctness/README_EN.md",
      "russian_cyrillic_ratio": 0.7585,
      "english_latin_ratio": 0.9266,
      "russian_raw_cyrillic_ratio": 0.723,
      "english_raw_latin_ratio": 0.9309,
      "language_surface": "markdown_prose"
    },
    {
      "russian": "thesis/README.md",
      "english": "thesis/README_EN.md",
      "russian_cyrillic_ratio": 0.8989,
      "english_latin_ratio": 0.9637,
      "russian_raw_cyrillic_ratio": 0.8122,
      "english_raw_latin_ratio": 0.967,
      "language_surface": "markdown_prose"
    },
    {
      "russian": "docs/index.md",
      "english": "docs/index_EN.md",
      "russian_cyrillic_ratio": 0.9678,
      "english_latin_ratio": 0.9924,
      "russian_raw_cyrillic_ratio": 0.4068,
      "english_raw_latin_ratio": 0.9979,
      "language_surface": "markdown_prose"
    },
    {
      "russian": "docs/research-question.md",
      "english": "docs/research-question_EN.md",
      "russian_cyrillic_ratio": 0.9757,
      "english_latin_ratio": 0.9953,
      "russian_raw_cyrillic_ratio": 0.7351,
      "english_raw_latin_ratio": 0.9961,
      "language_surface": "markdown_prose"
    },
    {
      "russian": "docs/methodology.md",
      "english": "docs/methodology_EN.md",
      "russian_cyrillic_ratio": 0.9555,
      "english_latin_ratio": 0.995,
      "russian_raw_cyrillic_ratio": 0.5624,
      "english_raw_latin_ratio": 0.9961,
      "language_surface": "markdown_prose"
    },
    {
      "russian": "docs/analysis-plan.md",
      "english": "docs/analysis-plan_EN.md",
      "russian_cyrillic_ratio": 0.9759,
      "english_latin_ratio": 0.9967,
      "russian_raw_cyrillic_ratio": 0.4903,
      "english_raw_latin_ratio": 0.9981,
      "language_surface": "markdown_prose"
    },
    {
      "russian": "docs/stage3a-statistical-results.md",
      "english": "docs/stage3a-statistical-results_EN.md",
      "russian_cyrillic_ratio": 0.9583,
      "english_latin_ratio": 0.9967,
      "russian_raw_cyrillic_ratio": 0.7304,
      "english_raw_latin_ratio": 0.9982,
      "language_surface": "markdown_prose"
    },
    {
      "russian": "docs/experiment-protocol.md",
      "english": "docs/experiment-protocol_EN.md",
      "russian_cyrillic_ratio": 0.9784,
      "english_latin_ratio": 0.9844,
      "russian_raw_cyrillic_ratio": 0.841,
      "english_raw_latin_ratio": 0.9895,
      "language_surface": "markdown_prose"
    },
    {
      "russian": "docs/reproducibility.md",
      "english": "docs/reproducibility_EN.md",
      "russian_cyrillic_ratio": 0.9764,
      "english_latin_ratio": 0.9957,
      "russian_raw_cyrillic_ratio": 0.879,
      "english_raw_latin_ratio": 0.9963,
      "language_surface": "markdown_prose"
    },
    {
      "russian": "docs/data-management.md",
      "english": "docs/data-management_EN.md",
      "russian_cyrillic_ratio": 0.9653,
      "english_latin_ratio": 0.9822,
      "russian_raw_cyrillic_ratio": 0.8532,
      "english_raw_latin_ratio": 0.9861,
      "language_surface": "markdown_prose"
    },
    {
      "russian": "docs/hardware.md",
      "english": "docs/hardware_EN.md",
      "russian_cyrillic_ratio": 0.8642,
      "english_latin_ratio": 0.9613,
      "russian_raw_cyrillic_ratio": 0.8057,
      "english_raw_latin_ratio": 0.9675,
      "language_surface": "markdown_prose"
    },
    {
      "russian": "docs/publication-plan.md",
      "english": "docs/publication-plan_EN.md",
      "russian_cyrillic_ratio": 0.9668,
      "english_latin_ratio": 0.9846,
      "russian_raw_cyrillic_ratio": 0.8528,
      "english_raw_latin_ratio": 0.9878,
      "language_surface": "markdown_prose"
    },
    {
      "russian": "docs/github-setup.md",
      "english": "docs/github-setup_EN.md",
      "russian_cyrillic_ratio": 0.8896,
      "english_latin_ratio": 0.957,
      "russian_raw_cyrillic_ratio": 0.7112,
      "english_raw_latin_ratio": 0.9642,
      "language_surface": "markdown_prose"
    },
    {
      "russian": "docs/decisions/index.md",
      "english": "docs/decisions/index_EN.md",
      "russian_cyrillic_ratio": 0.9931,
      "english_latin_ratio": 0.9991,
      "russian_raw_cyrillic_ratio": 0.6701,
      "english_raw_latin_ratio": 0.9994,
      "language_surface": "markdown_prose"
    },
    {
      "russian": "docs/decisions/ADR-001-use-torch2pc.md",
      "english": "docs/decisions/ADR-001-use-torch2pc_EN.md",
      "russian_cyrillic_ratio": 0.886,
      "english_latin_ratio": 0.9661,
      "russian_raw_cyrillic_ratio": 0.8004,
      "english_raw_latin_ratio": 0.9696,
      "language_surface": "markdown_prose"
    },
    {
      "russian": "docs/decisions/ADR-002-use-rocm-docker.md",
      "english": "docs/decisions/ADR-002-use-rocm-docker_EN.md",
      "russian_cyrillic_ratio": 0.891,
      "english_latin_ratio": 0.9665,
      "russian_raw_cyrillic_ratio": 0.7925,
      "english_raw_latin_ratio": 0.9715,
      "language_surface": "markdown_prose"
    },
    {
      "russian": "docs/decisions/ADR-003-primary-metric.md",
      "english": "docs/decisions/ADR-003-primary-metric_EN.md",
      "russian_cyrillic_ratio": 0.9444,
      "english_latin_ratio": 0.9556,
      "russian_raw_cyrillic_ratio": 0.8784,
      "english_raw_latin_ratio": 0.9651,
      "language_surface": "markdown_prose"
    },
    {
      "russian": "docs/decisions/ADR-004-statistical-protocol.md",
      "english": "docs/decisions/ADR-004-statistical-protocol_EN.md",
      "russian_cyrillic_ratio": 0.9617,
      "english_latin_ratio": 0.9643,
      "russian_raw_cyrillic_ratio": 0.8713,
      "english_raw_latin_ratio": 0.9695,
      "language_surface": "markdown_prose"
    },
    {
      "russian": "docs/research-log/2026-07.md",
      "english": "docs/research-log/2026-07_EN.md",
      "russian_cyrillic_ratio": 0.9884,
      "english_latin_ratio": 0.9995,
      "russian_raw_cyrillic_ratio": 0.8273,
      "english_raw_latin_ratio": 0.9996,
      "language_surface": "markdown_prose"
    },
    {
      "russian": "docs/research-log/template.md",
      "english": "docs/research-log/template_EN.md",
      "russian_cyrillic_ratio": 0.9282,
      "english_latin_ratio": 0.915,
      "russian_raw_cyrillic_ratio": 0.8744,
      "english_raw_latin_ratio": 0.9222,
      "language_surface": "markdown_prose"
    },
    {
      "russian": "docs/research-design/design.md",
      "english": "docs/research-design/design_EN.md",
      "russian_cyrillic_ratio": 0.8968,
      "english_latin_ratio": 0.9596,
      "russian_raw_cyrillic_ratio": 0.6834,
      "english_raw_latin_ratio": 0.9701,
      "language_surface": "markdown_prose"
    },
    {
      "russian": "docs/research-design/controlled-compute.md",
      "english": "docs/research-design/controlled-compute_EN.md",
      "russian_cyrillic_ratio": 0.9349,
      "english_latin_ratio": 0.9567,
      "russian_raw_cyrillic_ratio": 0.8343,
      "english_raw_latin_ratio": 0.9639,
      "language_surface": "markdown_prose"
    },
    {
      "russian": "docs/research-design/run-checklist.md",
      "english": "docs/research-design/run-checklist_EN.md",
      "russian_cyrillic_ratio": 0.9466,
      "english_latin_ratio": 0.975,
      "russian_raw_cyrillic_ratio": 0.7983,
      "english_raw_latin_ratio": 0.9809,
      "language_surface": "markdown_prose"
    },
    {
      "russian": "docs/research-design/article-plan.md",
      "english": "docs/research-design/article-plan_EN.md",
      "russian_cyrillic_ratio": 0.9539,
      "english_latin_ratio": 0.9575,
      "russian_raw_cyrillic_ratio": 0.9091,
      "english_raw_latin_ratio": 0.9592,
      "language_surface": "markdown_prose"
    },
    {
      "russian": ".github/PULL_REQUEST_TEMPLATE/default.md",
      "english": ".github/PULL_REQUEST_TEMPLATE/default_EN.md",
      "russian_cyrillic_ratio": 0.9096,
      "english_latin_ratio": 0.9592,
      "russian_raw_cyrillic_ratio": 0.7307,
      "english_raw_latin_ratio": 0.9668,
      "language_surface": "markdown_prose"
    },
    {
      "russian": ".github/ISSUE_TEMPLATE/bug.yml",
      "english": ".github/ISSUE_TEMPLATE/bug_EN.yml",
      "russian_cyrillic_ratio": 0.3168,
      "english_latin_ratio": 1.0,
      "russian_raw_cyrillic_ratio": 0.3138,
      "english_raw_latin_ratio": 1.0,
      "language_surface": "markdown_prose"
    },
    {
      "russian": ".github/ISSUE_TEMPLATE/experiment.yml",
      "english": ".github/ISSUE_TEMPLATE/experiment_EN.yml",
      "russian_cyrillic_ratio": 0.5172,
      "english_latin_ratio": 1.0,
      "russian_raw_cyrillic_ratio": 0.5123,
      "english_raw_latin_ratio": 1.0,
      "language_surface": "markdown_prose"
    },
    {
      "russian": ".github/ISSUE_TEMPLATE/literature.yml",
      "english": ".github/ISSUE_TEMPLATE/literature_EN.yml",
      "russian_cyrillic_ratio": 0.5443,
      "english_latin_ratio": 1.0,
      "russian_raw_cyrillic_ratio": 0.5386,
      "english_raw_latin_ratio": 1.0,
      "language_surface": "markdown_prose"
    },
    {
      "russian": ".github/ISSUE_TEMPLATE/research-decision.yml",
      "english": ".github/ISSUE_TEMPLATE/research-decision_EN.yml",
      "russian_cyrillic_ratio": 0.3083,
      "english_latin_ratio": 1.0,
      "russian_raw_cyrillic_ratio": 0.3038,
      "english_raw_latin_ratio": 1.0,
      "language_surface": "markdown_prose"
    },
    {
      "russian": ".github/ISSUE_TEMPLATE/writing.yml",
      "english": ".github/ISSUE_TEMPLATE/writing_EN.yml",
      "russian_cyrillic_ratio": 0.4217,
      "english_latin_ratio": 1.0,
      "russian_raw_cyrillic_ratio": 0.4158,
      "english_raw_latin_ratio": 1.0,
      "language_surface": "markdown_prose"
    },
    {
      "russian": "mkdocs.yml",
      "english": "mkdocs_EN.yml",
      "russian_cyrillic_ratio": 0.2716,
      "english_latin_ratio": 0.9915,
      "russian_raw_cyrillic_ratio": 0.1393,
      "english_raw_latin_ratio": 0.9958,
      "language_surface": "markdown_prose"
    },
    {
      "russian": "NOTICE",
      "english": "NOTICE_EN",
      "russian_cyrillic_ratio": 0.8058,
      "english_latin_ratio": 1.0,
      "russian_raw_cyrillic_ratio": 0.7751,
      "english_raw_latin_ratio": 1.0,
      "language_surface": "markdown_prose"
    },
    {
      "russian": "LICENSE-DOCS",
      "english": "LICENSE-DOCS_EN",
      "russian_cyrillic_ratio": 0.8562,
      "english_latin_ratio": 1.0,
      "russian_raw_cyrillic_ratio": 0.742,
      "english_raw_latin_ratio": 1.0,
      "language_surface": "markdown_prose"
    },
    {
      "russian": "docs/threats-to-validity.md",
      "english": "docs/threats-to-validity_EN.md",
      "russian_cyrillic_ratio": 0.9779,
      "english_latin_ratio": 0.9922,
      "russian_raw_cyrillic_ratio": 0.9297,
      "english_raw_latin_ratio": 0.9926,
      "language_surface": "markdown_prose"
    },
    {
      "russian": "docs/validation.md",
      "english": "docs/validation_EN.md",
      "russian_cyrillic_ratio": 0.9439,
      "english_latin_ratio": 0.9769,
      "russian_raw_cyrillic_ratio": 0.5872,
      "english_raw_latin_ratio": 0.9866,
      "language_surface": "markdown_prose"
    },
    {
      "russian": "docs/stage-3-protocol.md",
      "english": "docs/stage-3-protocol_EN.md",
      "russian_cyrillic_ratio": 0.9755,
      "english_latin_ratio": 0.9972,
      "russian_raw_cyrillic_ratio": 0.8386,
      "english_raw_latin_ratio": 0.9979,
      "language_surface": "markdown_prose"
    },
    {
      "russian": "docs/stage-3-readiness.md",
      "english": "docs/stage-3-readiness_EN.md",
      "russian_cyrillic_ratio": 0.9764,
      "english_latin_ratio": 0.9889,
      "russian_raw_cyrillic_ratio": 0.788,
      "english_raw_latin_ratio": 0.9926,
      "language_surface": "markdown_prose"
    },
    {
      "russian": "docs/decisions/ADR-006-stage3-scope.md",
      "english": "docs/decisions/ADR-006-stage3-scope_EN.md",
      "russian_cyrillic_ratio": 0.9889,
      "english_latin_ratio": 0.9863,
      "russian_raw_cyrillic_ratio": 0.9105,
      "english_raw_latin_ratio": 0.9884,
      "language_surface": "markdown_prose"
    },
    {
      "russian": "docs/decisions/ADR-007-stage3-locality-taxonomy.md",
      "english": "docs/decisions/ADR-007-stage3-locality-taxonomy_EN.md",
      "russian_cyrillic_ratio": 0.9616,
      "english_latin_ratio": 0.9816,
      "russian_raw_cyrillic_ratio": 0.9101,
      "english_raw_latin_ratio": 0.9849,
      "language_surface": "markdown_prose"
    },
    {
      "russian": "experiments/planned/STAGE3-001.md",
      "english": "experiments/planned/STAGE3-001_EN.md",
      "russian_cyrillic_ratio": 0.5796,
      "english_latin_ratio": 0.9688,
      "russian_raw_cyrillic_ratio": 0.5123,
      "english_raw_latin_ratio": 0.9742,
      "language_surface": "markdown_prose"
    },
    {
      "russian": "results/stage-3/README.md",
      "english": "results/stage-3/README_EN.md",
      "russian_cyrillic_ratio": 0.5306,
      "english_latin_ratio": 0.9544,
      "russian_raw_cyrillic_ratio": 0.4548,
      "english_raw_latin_ratio": 0.9583,
      "language_surface": "markdown_prose"
    },
    {
      "russian": "docs/decisions/ADR-008-predict-correct-acceleration.md",
      "english": "docs/decisions/ADR-008-predict-correct-acceleration_EN.md",
      "russian_cyrillic_ratio": 0.979,
      "english_latin_ratio": 0.9926,
      "russian_raw_cyrillic_ratio": 0.8679,
      "english_raw_latin_ratio": 0.994,
      "language_surface": "markdown_prose"
    },
    {
      "russian": "experiments/planned/STAGE3B-PROFILING-LOCALITY.md",
      "english": "experiments/planned/STAGE3B-PROFILING-LOCALITY_EN.md",
      "russian_cyrillic_ratio": 0.5117,
      "english_latin_ratio": 0.998,
      "russian_raw_cyrillic_ratio": 0.4327,
      "english_raw_latin_ratio": 0.9983,
      "language_surface": "markdown_prose"
    },
    {
      "russian": "docs/decisions/ADR-005-post-pilot-final-execution.md",
      "english": "docs/decisions/ADR-005-post-pilot-final-execution_EN.md",
      "russian_cyrillic_ratio": 0.9836,
      "english_latin_ratio": 1.0,
      "russian_raw_cyrillic_ratio": 0.885,
      "english_raw_latin_ratio": 1.0,
      "language_surface": "markdown_prose"
    },
    {
      "russian": "docs/decisions/ADR-009-stage3b-rocm-canonical-lane.md",
      "english": "docs/decisions/ADR-009-stage3b-rocm-canonical-lane_EN.md",
      "russian_cyrillic_ratio": 0.9712,
      "english_latin_ratio": 0.9921,
      "russian_raw_cyrillic_ratio": 0.8614,
      "english_raw_latin_ratio": 0.9937,
      "language_surface": "markdown_prose"
    },
    {
      "russian": "docs/decisions/ADR-010-stage3b-per-cell-process-isolation.md",
      "english": "docs/decisions/ADR-010-stage3b-per-cell-process-isolation_EN.md",
      "russian_cyrillic_ratio": 0.9891,
      "english_latin_ratio": 1.0,
      "russian_raw_cyrillic_ratio": 0.875,
      "english_raw_latin_ratio": 1.0,
      "language_surface": "markdown_prose"
    },
    {
      "russian": "docs/decisions/ADR-011-stage3b-b0-derived-evidence-seal.md",
      "english": "docs/decisions/ADR-011-stage3b-b0-derived-evidence-seal_EN.md",
      "russian_cyrillic_ratio": 0.9872,
      "english_latin_ratio": 0.9927,
      "russian_raw_cyrillic_ratio": 0.8377,
      "english_raw_latin_ratio": 0.9945,
      "language_surface": "markdown_prose"
    },
    {
      "russian": "docs/stage-2-protocol.md",
      "english": "docs/stage-2-protocol_EN.md",
      "russian_cyrillic_ratio": 0.9493,
      "english_latin_ratio": 1.0,
      "russian_raw_cyrillic_ratio": 0.8646,
      "english_raw_latin_ratio": 1.0,
      "language_surface": "markdown_prose"
    },
    {
      "russian": "docs/stage3-layerwise-analysis.md",
      "english": "docs/stage3-layerwise-analysis_EN.md",
      "russian_cyrillic_ratio": 0.9748,
      "english_latin_ratio": 0.9952,
      "russian_raw_cyrillic_ratio": 0.7297,
      "english_raw_latin_ratio": 0.9968,
      "language_surface": "markdown_prose"
    },
    {
      "russian": "docs/stage3a-publication-finalization.md",
      "english": "docs/stage3a-publication-finalization_EN.md",
      "russian_cyrillic_ratio": 0.9645,
      "english_latin_ratio": 1.0,
      "russian_raw_cyrillic_ratio": 0.8246,
      "english_raw_latin_ratio": 1.0,
      "language_surface": "markdown_prose"
    },
    {
      "russian": "docs/stage3b-b0-analysis-pipeline.md",
      "english": "docs/stage3b-b0-analysis-pipeline_EN.md",
      "russian_cyrillic_ratio": 0.9852,
      "english_latin_ratio": 0.9862,
      "russian_raw_cyrillic_ratio": 0.7875,
      "english_raw_latin_ratio": 0.9909,
      "language_surface": "markdown_prose"
    },
    {
      "russian": "docs/stage3b-b0-sealing.md",
      "english": "docs/stage3b-b0-sealing_EN.md",
      "russian_cyrillic_ratio": 0.9804,
      "english_latin_ratio": 0.9906,
      "russian_raw_cyrillic_ratio": 0.8528,
      "english_raw_latin_ratio": 0.9932,
      "language_surface": "markdown_prose"
    },
    {
      "russian": "docs/torch2pc-patched-v1-equivalence.md",
      "english": "docs/torch2pc-patched-v1-equivalence_EN.md",
      "russian_cyrillic_ratio": 0.956,
      "english_latin_ratio": 0.9985,
      "russian_raw_cyrillic_ratio": 0.7581,
      "english_raw_latin_ratio": 0.9989,
      "language_surface": "markdown_prose"
    },
    {
      "russian": "docs/pc-tref-balanced-core.md",
      "english": "docs/pc-tref-balanced-core_EN.md",
      "russian_cyrillic_ratio": 0.9335,
      "english_latin_ratio": 0.9972,
      "russian_raw_cyrillic_ratio": 0.6595,
      "english_raw_latin_ratio": 0.9978,
      "language_surface": "markdown_prose"
    },
    {
      "russian": "docs/pc-catm-operator-model.md",
      "english": "docs/pc-catm-operator-model_EN.md",
      "russian_cyrillic_ratio": 0.9601,
      "english_latin_ratio": 0.9966,
      "russian_raw_cyrillic_ratio": 0.5918,
      "english_raw_latin_ratio": 0.9976,
      "language_surface": "markdown_prose"
    },
    {
      "russian": "docs/masters-thesis-plan.md",
      "english": "docs/masters-thesis-plan_EN.md",
      "russian_cyrillic_ratio": 0.9651,
      "english_latin_ratio": 0.9969,
      "russian_raw_cyrillic_ratio": 0.5625,
      "english_raw_latin_ratio": 0.9975,
      "language_surface": "markdown_prose"
    },
    {
      "russian": "docs/stage3b-primary-scenario-a.md",
      "english": "docs/stage3b-primary-scenario-a_EN.md",
      "russian_cyrillic_ratio": 0.9788,
      "english_latin_ratio": 0.9979,
      "russian_raw_cyrillic_ratio": 0.7602,
      "english_raw_latin_ratio": 0.9984,
      "language_surface": "markdown_prose"
    },
    {
      "russian": "docs/decisions/ADR-012-pc-tref-pc-catm-scenario-a.md",
      "english": "docs/decisions/ADR-012-pc-tref-pc-catm-scenario-a_EN.md",
      "russian_cyrillic_ratio": 0.9778,
      "english_latin_ratio": 0.9911,
      "russian_raw_cyrillic_ratio": 0.8338,
      "english_raw_latin_ratio": 0.9926,
      "language_surface": "markdown_prose"
    },
    {
      "russian": "docs/research-design/stage3b-si-ma0-confirmatory-aggregation.md",
      "english": "docs/research-design/stage3b-si-ma0-confirmatory-aggregation_EN.md",
      "russian_cyrillic_ratio": 0.9916,
      "english_latin_ratio": 1.0,
      "russian_raw_cyrillic_ratio": 0.839,
      "english_raw_latin_ratio": 1.0,
      "language_surface": "markdown_prose"
    },
    {
      "russian": "experiments/planned/STAGE3B-SI-MA1.md",
      "english": "experiments/planned/STAGE3B-SI-MA1_EN.md",
      "russian_cyrillic_ratio": 0.9955,
      "english_latin_ratio": 0.9976,
      "russian_raw_cyrillic_ratio": 0.6929,
      "english_raw_latin_ratio": 0.9983,
      "language_surface": "markdown_prose"
    },
    {
      "russian": "docs/pc-tref-pc-catm-theoretical-foundation.md",
      "english": "docs/pc-tref-pc-catm-theoretical-foundation_EN.md",
      "russian_cyrillic_ratio": 0.9586,
      "english_latin_ratio": 0.9981,
      "russian_raw_cyrillic_ratio": 0.7243,
      "english_raw_latin_ratio": 0.9985,
      "language_surface": "markdown_prose"
    },
    {
      "russian": "docs/decisions/ADR-013-pc-tref-operational-semantics.md",
      "english": "docs/decisions/ADR-013-pc-tref-operational-semantics_EN.md",
      "russian_cyrillic_ratio": 0.9534,
      "english_latin_ratio": 0.9935,
      "russian_raw_cyrillic_ratio": 0.697,
      "english_raw_latin_ratio": 0.9947,
      "language_surface": "markdown_prose"
    },
    {
      "russian": "experiments/planned/STAGE3B-B1.md",
      "english": "experiments/planned/STAGE3B-B1_EN.md",
      "russian_cyrillic_ratio": 0.818,
      "english_latin_ratio": 0.9925,
      "russian_raw_cyrillic_ratio": 0.7352,
      "english_raw_latin_ratio": 0.9933,
      "language_surface": "markdown_prose"
    },
    {
      "russian": "experiments/planned/STAGE3B-B2.md",
      "english": "experiments/planned/STAGE3B-B2_EN.md",
      "russian_cyrillic_ratio": 0.7238,
      "english_latin_ratio": 0.9907,
      "russian_raw_cyrillic_ratio": 0.6298,
      "english_raw_latin_ratio": 0.992,
      "language_surface": "markdown_prose"
    },
    {
      "russian": "docs/stage3b-b1-b2-preregistration.md",
      "english": "docs/stage3b-b1-b2-preregistration_EN.md",
      "russian_cyrillic_ratio": 0.986,
      "english_latin_ratio": 0.9933,
      "russian_raw_cyrillic_ratio": 0.7639,
      "english_raw_latin_ratio": 0.995,
      "language_surface": "markdown_prose"
    },
    {
      "russian": "docs/decisions/ADR-014-stage3b-b1-b2-candidate-contracts.md",
      "english": "docs/decisions/ADR-014-stage3b-b1-b2-candidate-contracts_EN.md",
      "russian_cyrillic_ratio": 0.9832,
      "english_latin_ratio": 0.9867,
      "russian_raw_cyrillic_ratio": 0.8048,
      "english_raw_latin_ratio": 0.9896,
      "language_surface": "markdown_prose"
    },
    {
      "russian": "docs/qwake-pc-design.md",
      "english": "docs/qwake-pc-design_EN.md",
      "russian_cyrillic_ratio": 0.985,
      "english_latin_ratio": 0.9972,
      "russian_raw_cyrillic_ratio": 0.7039,
      "english_raw_latin_ratio": 0.998,
      "language_surface": "markdown_prose"
    },
    {
      "russian": "docs/ecz-targeted-local-sweep.md",
      "english": "docs/ecz-targeted-local-sweep_EN.md",
      "russian_cyrillic_ratio": 0.9886,
      "english_latin_ratio": 0.9911,
      "russian_raw_cyrillic_ratio": 0.7979,
      "english_raw_latin_ratio": 0.9932,
      "language_surface": "markdown_prose"
    },
    {
      "russian": "docs/stage3b-future-policy-boundary.md",
      "english": "docs/stage3b-future-policy-boundary_EN.md",
      "russian_cyrillic_ratio": 0.9888,
      "english_latin_ratio": 0.9922,
      "russian_raw_cyrillic_ratio": 0.7687,
      "english_raw_latin_ratio": 0.9942,
      "language_surface": "markdown_prose"
    },
    {
      "russian": "docs/decisions/ADR-015-stage3b-matched-measurement-sealing.md",
      "english": "docs/decisions/ADR-015-stage3b-matched-measurement-sealing_EN.md",
      "russian_cyrillic_ratio": 0.9908,
      "english_latin_ratio": 1.0,
      "russian_raw_cyrillic_ratio": 0.8723,
      "english_raw_latin_ratio": 1.0,
      "language_surface": "markdown_prose"
    },
    {
      "russian": "docs/stage3b-matched-evidence.md",
      "english": "docs/stage3b-matched-evidence_EN.md",
      "russian_cyrillic_ratio": 0.9909,
      "english_latin_ratio": 1.0,
      "russian_raw_cyrillic_ratio": 0.6457,
      "english_raw_latin_ratio": 1.0,
      "language_surface": "markdown_prose"
    },
    {
      "russian": "docs/pc-tref-sufficiency-boundary.md",
      "english": "docs/pc-tref-sufficiency-boundary_EN.md",
      "russian_cyrillic_ratio": 0.9462,
      "english_latin_ratio": 0.9984,
      "russian_raw_cyrillic_ratio": 0.6763,
      "english_raw_latin_ratio": 0.9988,
      "language_surface": "markdown_prose"
    },
    {
      "russian": "docs/decisions/ADR-016-stage3b-sufficiency-boundary.md",
      "english": "docs/decisions/ADR-016-stage3b-sufficiency-boundary_EN.md",
      "russian_cyrillic_ratio": 0.9625,
      "english_latin_ratio": 0.9945,
      "russian_raw_cyrillic_ratio": 0.79,
      "english_raw_latin_ratio": 0.9951,
      "language_surface": "markdown_prose"
    },
    {
      "russian": "docs/decisions/ADR-017-stage3b-288cell-correctness-repair.md",
      "english": "docs/decisions/ADR-017-stage3b-288cell-correctness-repair_EN.md",
      "russian_cyrillic_ratio": 0.9931,
      "english_latin_ratio": 0.9937,
      "russian_raw_cyrillic_ratio": 0.9238,
      "english_raw_latin_ratio": 0.9946,
      "language_surface": "markdown_prose"
    },
    {
      "russian": "docs/decisions/ADR-018-stage3b-b1-confirmatory-preregistration.md",
      "english": "docs/decisions/ADR-018-stage3b-b1-confirmatory-preregistration_EN.md",
      "russian_cyrillic_ratio": 0.9915,
      "english_latin_ratio": 0.9923,
      "russian_raw_cyrillic_ratio": 0.8554,
      "english_raw_latin_ratio": 0.9939,
      "language_surface": "markdown_prose"
    },
    {
      "russian": "experiments/planned/STAGE3B-B1-CONFIRMATORY.md",
      "english": "experiments/planned/STAGE3B-B1-CONFIRMATORY_EN.md",
      "russian_cyrillic_ratio": 0.5687,
      "english_latin_ratio": 0.9899,
      "russian_raw_cyrillic_ratio": 0.4345,
      "english_raw_latin_ratio": 0.9922,
      "language_surface": "markdown_prose"
    },
    {
      "russian": "docs/decisions/ADR-019-stage3b-b1-confirmatory-opening.md",
      "english": "docs/decisions/ADR-019-stage3b-b1-confirmatory-opening_EN.md",
      "russian_cyrillic_ratio": 0.992,
      "english_latin_ratio": 0.9951,
      "russian_raw_cyrillic_ratio": 0.8075,
      "english_raw_latin_ratio": 0.9962,
      "language_surface": "markdown_prose"
    },
    {
      "russian": "docs/pc-multiscale-mechanism-decision-architecture.md",
      "english": "docs/pc-multiscale-mechanism-decision-architecture_EN.md",
      "russian_cyrillic_ratio": 0.975,
      "english_latin_ratio": 0.9975,
      "russian_raw_cyrillic_ratio": 0.7625,
      "english_raw_latin_ratio": 0.9981,
      "language_surface": "markdown_prose"
    },
    {
      "russian": "docs/decisions/ADR-020-pc-multiscale-mechanism-decision-architecture.md",
      "english": "docs/decisions/ADR-020-pc-multiscale-mechanism-decision-architecture_EN.md",
      "russian_cyrillic_ratio": 0.9865,
      "english_latin_ratio": 0.9908,
      "russian_raw_cyrillic_ratio": 0.7243,
      "english_raw_latin_ratio": 0.9933,
      "language_surface": "markdown_prose"
    },
    {
      "russian": "docs/decisions/ADR-021-stage3b-b2-confirmatory-preregistration.md",
      "english": "docs/decisions/ADR-021-stage3b-b2-confirmatory-preregistration_EN.md",
      "russian_cyrillic_ratio": 0.9899,
      "english_latin_ratio": 0.9933,
      "russian_raw_cyrillic_ratio": 0.8278,
      "english_raw_latin_ratio": 0.9947,
      "language_surface": "markdown_prose"
    },
    {
      "russian": "experiments/planned/STAGE3B-B2-CONFIRMATORY.md",
      "english": "experiments/planned/STAGE3B-B2-CONFIRMATORY_EN.md",
      "russian_cyrillic_ratio": 0.5369,
      "english_latin_ratio": 0.9932,
      "russian_raw_cyrillic_ratio": 0.3944,
      "english_raw_latin_ratio": 0.995,
      "language_surface": "markdown_prose"
    },
    {
      "russian": "docs/decisions/ADR-022-stage3b-b2-confirmatory-opening.md",
      "english": "docs/decisions/ADR-022-stage3b-b2-confirmatory-opening_EN.md",
      "russian_cyrillic_ratio": 0.9888,
      "english_latin_ratio": 0.9952,
      "russian_raw_cyrillic_ratio": 0.735,
      "english_raw_latin_ratio": 0.9966,
      "language_surface": "markdown_prose"
    },
    {
      "russian": "docs/decisions/ADR-023-stage3b-b2-confirmatory-request-freeze.md",
      "english": "docs/decisions/ADR-023-stage3b-b2-confirmatory-request-freeze_EN.md",
      "russian_cyrillic_ratio": 0.9835,
      "english_latin_ratio": 0.9903,
      "russian_raw_cyrillic_ratio": 0.675,
      "english_raw_latin_ratio": 0.9936,
      "language_surface": "markdown_prose"
    },
    {
      "russian": "docs/decisions/ADR-024-stage3b-b2-confirmatory-evidence-preservation.md",
      "english": "docs/decisions/ADR-024-stage3b-b2-confirmatory-evidence-preservation_EN.md",
      "russian_cyrillic_ratio": 0.9861,
      "english_latin_ratio": 0.9933,
      "russian_raw_cyrillic_ratio": 0.6315,
      "english_raw_latin_ratio": 0.9959,
      "language_surface": "markdown_prose"
    },
    {
      "russian": "docs/decisions/ADR-025-stage3b-matched-profiling-request-refreeze.md",
      "english": "docs/decisions/ADR-025-stage3b-matched-profiling-request-refreeze_EN.md",
      "russian_cyrillic_ratio": 0.9817,
      "english_latin_ratio": 0.9856,
      "russian_raw_cyrillic_ratio": 0.6871,
      "english_raw_latin_ratio": 0.9903,
      "language_surface": "markdown_prose"
    },
    {
      "russian": "docs/decisions/ADR-026-stage3b-matched-profiling-evidence-preservation.md",
      "english": "docs/decisions/ADR-026-stage3b-matched-profiling-evidence-preservation_EN.md",
      "russian_cyrillic_ratio": 0.98,
      "english_latin_ratio": 0.9946,
      "russian_raw_cyrillic_ratio": 0.5796,
      "english_raw_latin_ratio": 0.9969,
      "language_surface": "markdown_prose"
    },
    {
      "russian": "docs/decisions/ADR-027-stage3b-matched-descriptive-analysis-protocol.md",
      "english": "docs/decisions/ADR-027-stage3b-matched-descriptive-analysis-protocol_EN.md",
      "russian_cyrillic_ratio": 0.9925,
      "english_latin_ratio": 0.9929,
      "russian_raw_cyrillic_ratio": 0.7516,
      "english_raw_latin_ratio": 0.9949,
      "language_surface": "markdown_prose"
    },
    {
      "russian": "experiments/planned/STAGE3B-MATCHED-DESCRIPTIVE-ANALYSIS.md",
      "english": "experiments/planned/STAGE3B-MATCHED-DESCRIPTIVE-ANALYSIS_EN.md",
      "russian_cyrillic_ratio": 0.9884,
      "english_latin_ratio": 0.9975,
      "russian_raw_cyrillic_ratio": 0.7946,
      "english_raw_latin_ratio": 0.998,
      "language_surface": "markdown_prose"
    },
    {
      "russian": "docs/decisions/ADR-028-stage3b-matched-descriptive-analysis-implementation.md",
      "english": "docs/decisions/ADR-028-stage3b-matched-descriptive-analysis-implementation_EN.md",
      "russian_cyrillic_ratio": 0.9938,
      "english_latin_ratio": 0.9937,
      "russian_raw_cyrillic_ratio": 0.756,
      "english_raw_latin_ratio": 0.9954,
      "language_surface": "markdown_prose"
    },
    {
      "russian": "docs/decisions/ADR-029-stage3b-matched-descriptive-analysis-preexecution-hardening.md",
      "english": "docs/decisions/ADR-029-stage3b-matched-descriptive-analysis-preexecution-hardening_EN.md",
      "russian_cyrillic_ratio": 0.9941,
      "english_latin_ratio": 0.9943,
      "russian_raw_cyrillic_ratio": 0.6708,
      "english_raw_latin_ratio": 0.9962,
      "language_surface": "markdown_prose"
    },
    {
      "russian": "experiments/planned/STAGE3B-MATCHED-DESCRIPTIVE-ANALYSIS-EXECUTION-REQUEST.md",
      "english": "experiments/planned/STAGE3B-MATCHED-DESCRIPTIVE-ANALYSIS-EXECUTION-REQUEST_EN.md",
      "russian_cyrillic_ratio": 0.8165,
      "english_latin_ratio": 0.9892,
      "russian_raw_cyrillic_ratio": 0.5455,
      "english_raw_latin_ratio": 0.9929,
      "language_surface": "markdown_prose"
    },
    {
      "russian": "docs/decisions/ADR-030-stage3b-matched-descriptive-analysis-execution-request-freeze.md",
      "english": "docs/decisions/ADR-030-stage3b-matched-descriptive-analysis-execution-request-freeze_EN.md",
      "russian_cyrillic_ratio": 0.9887,
      "english_latin_ratio": 0.9887,
      "russian_raw_cyrillic_ratio": 0.7016,
      "english_raw_latin_ratio": 0.9921,
      "language_surface": "markdown_prose"
    },
    {
      "russian": "experiments/planned/STAGE3B-MATCHED-DESCRIPTIVE-ANALYSIS-RUNTIME-PREFLIGHT.md",
      "english": "experiments/planned/STAGE3B-MATCHED-DESCRIPTIVE-ANALYSIS-RUNTIME-PREFLIGHT_EN.md",
      "russian_cyrillic_ratio": 0.7425,
      "english_latin_ratio": 0.991,
      "russian_raw_cyrillic_ratio": 0.5245,
      "english_raw_latin_ratio": 0.9933,
      "language_surface": "markdown_prose"
    },
    {
      "russian": "docs/decisions/ADR-031-stage3b-matched-descriptive-analysis-runtime-preflight-implementation.md",
      "english": "docs/decisions/ADR-031-stage3b-matched-descriptive-analysis-runtime-preflight-implementation_EN.md",
      "russian_cyrillic_ratio": 0.9855,
      "english_latin_ratio": 0.9931,
      "russian_raw_cyrillic_ratio": 0.655,
      "english_raw_latin_ratio": 0.995,
      "language_surface": "markdown_prose"
    },
    {
      "russian": "docs/decisions/ADR-032-stage3b-matched-descriptive-analysis-runtime-preflight-freeze.md",
      "english": "docs/decisions/ADR-032-stage3b-matched-descriptive-analysis-runtime-preflight-freeze_EN.md",
      "russian_cyrillic_ratio": 0.9849,
      "english_latin_ratio": 0.9862,
      "russian_raw_cyrillic_ratio": 0.547,
      "english_raw_latin_ratio": 0.992,
      "language_surface": "markdown_prose"
    },
    {
      "russian": "experiments/planned/STAGE3B-MATCHED-DESCRIPTIVE-ANALYSIS-EXECUTION-AUTHORIZATION.md",
      "english": "experiments/planned/STAGE3B-MATCHED-DESCRIPTIVE-ANALYSIS-EXECUTION-AUTHORIZATION_EN.md",
      "russian_cyrillic_ratio": 0.7878,
      "english_latin_ratio": 0.986,
      "russian_raw_cyrillic_ratio": 0.5309,
      "english_raw_latin_ratio": 0.9904,
      "language_surface": "markdown_prose"
    },
    {
      "russian": "docs/decisions/ADR-033-stage3b-matched-descriptive-analysis-execution-authorization-freeze.md",
      "english": "docs/decisions/ADR-033-stage3b-matched-descriptive-analysis-execution-authorization-freeze_EN.md",
      "russian_cyrillic_ratio": 0.9861,
      "english_latin_ratio": 0.9896,
      "russian_raw_cyrillic_ratio": 0.5159,
      "english_raw_latin_ratio": 0.9932,
      "language_surface": "markdown_prose"
    },
    {
      "russian": "experiments/planned/STAGE3B-MATCHED-DESCRIPTIVE-ANALYSIS-OUTPUT-SEAL.md",
      "english": "experiments/planned/STAGE3B-MATCHED-DESCRIPTIVE-ANALYSIS-OUTPUT-SEAL_EN.md",
      "russian_cyrillic_ratio": 0.8891,
      "english_latin_ratio": 0.9807,
      "russian_raw_cyrillic_ratio": 0.4637,
      "english_raw_latin_ratio": 0.9929,
      "language_surface": "markdown_prose"
    },
    {
      "russian": "docs/decisions/ADR-034-stage3b-matched-descriptive-analysis-output-seal-freeze.md",
      "english": "docs/decisions/ADR-034-stage3b-matched-descriptive-analysis-output-seal-freeze_EN.md",
      "russian_cyrillic_ratio": 0.9934,
      "english_latin_ratio": 0.9933,
      "russian_raw_cyrillic_ratio": 0.7782,
      "english_raw_latin_ratio": 0.9952,
      "language_surface": "markdown_prose"
    },
    {
      "russian": "docs/stage3b-recursive-sufficiency-aggregate-direction.md",
      "english": "docs/stage3b-recursive-sufficiency-aggregate-direction_EN.md",
      "russian_cyrillic_ratio": 0.9907,
      "english_latin_ratio": 0.9968,
      "russian_raw_cyrillic_ratio": 0.6963,
      "english_raw_latin_ratio": 0.9977,
      "language_surface": "markdown_prose"
    },
    {
      "russian": "docs/decisions/ADR-035-stage3b-recursive-sufficiency-aggregate-direction.md",
      "english": "docs/decisions/ADR-035-stage3b-recursive-sufficiency-aggregate-direction_EN.md",
      "russian_cyrillic_ratio": 0.9919,
      "english_latin_ratio": 0.995,
      "russian_raw_cyrillic_ratio": 0.8985,
      "english_raw_latin_ratio": 0.9959,
      "language_surface": "markdown_prose"
    },
    {
      "russian": "experiments/planned/STAGE3B-MATCHED-DESCRIPTIVE-ANALYSIS-PUBLICATION-GATE.md",
      "english": "experiments/planned/STAGE3B-MATCHED-DESCRIPTIVE-ANALYSIS-PUBLICATION-GATE_EN.md",
      "russian_cyrillic_ratio": 0.7006,
      "english_latin_ratio": 0.9908,
      "russian_raw_cyrillic_ratio": 0.5275,
      "english_raw_latin_ratio": 0.9931,
      "language_surface": "markdown_prose"
    },
    {
      "russian": "docs/decisions/ADR-036-stage3b-matched-descriptive-analysis-publication-gate.md",
      "english": "docs/decisions/ADR-036-stage3b-matched-descriptive-analysis-publication-gate_EN.md",
      "russian_cyrillic_ratio": 0.9894,
      "english_latin_ratio": 0.9894,
      "russian_raw_cyrillic_ratio": 0.7973,
      "english_raw_latin_ratio": 0.9918,
      "language_surface": "markdown_prose"
    },
    {
      "russian": "docs/decisions/ADR-037-stage3b-matched-descriptive-analysis-publication-receipt.md",
      "english": "docs/decisions/ADR-037-stage3b-matched-descriptive-analysis-publication-receipt_EN.md",
      "russian_cyrillic_ratio": 0.9712,
      "english_latin_ratio": 0.9857,
      "russian_raw_cyrillic_ratio": 0.6347,
      "english_raw_latin_ratio": 0.9906,
      "language_surface": "markdown_prose"
    },
    {
      "russian": "docs/decisions/ADR-038-stage3b-ex-if0-exact-implementation-and-oracle-sweep-boundary.md",
      "english": "docs/decisions/ADR-038-stage3b-ex-if0-exact-implementation-and-oracle-sweep-boundary_EN.md",
      "russian_cyrillic_ratio": 0.9935,
      "english_latin_ratio": 0.9952,
      "russian_raw_cyrillic_ratio": 0.8189,
      "english_raw_latin_ratio": 0.9962,
      "language_surface": "markdown_prose"
    },
    {
      "russian": "experiments/planned/STAGE3B-EX-IF0.md",
      "english": "experiments/planned/STAGE3B-EX-IF0_EN.md",
      "russian_cyrillic_ratio": 0.8391,
      "english_latin_ratio": 0.9964,
      "russian_raw_cyrillic_ratio": 0.6453,
      "english_raw_latin_ratio": 0.9973,
      "language_surface": "markdown_prose"
    },
    {
      "russian": "docs/fixedpred-sufficiency-dus-design.md",
      "english": "docs/fixedpred-sufficiency-dus-design_EN.md",
      "russian_cyrillic_ratio": 0.9086,
      "english_latin_ratio": 0.9962,
      "russian_raw_cyrillic_ratio": 0.6518,
      "english_raw_latin_ratio": 0.9969,
      "language_surface": "markdown_prose"
    },
    {
      "russian": "docs/fixedpred-sufficiency-dus-metrics.md",
      "english": "docs/fixedpred-sufficiency-dus-metrics_EN.md",
      "russian_cyrillic_ratio": 0.7408,
      "english_latin_ratio": 0.9942,
      "russian_raw_cyrillic_ratio": 0.4086,
      "english_raw_latin_ratio": 0.9961,
      "language_surface": "markdown_prose"
    },
    {
      "russian": "docs/fixedpred-sufficiency-dus-refactoring-plan.md",
      "english": "docs/fixedpred-sufficiency-dus-refactoring-plan_EN.md",
      "russian_cyrillic_ratio": 0.9797,
      "english_latin_ratio": 0.9934,
      "russian_raw_cyrillic_ratio": 0.4539,
      "english_raw_latin_ratio": 0.9946,
      "language_surface": "markdown_prose"
    },
    {
      "russian": "docs/decisions/ADR-039-stage3b-fixedpred-sufficiency-dus-design.md",
      "english": "docs/decisions/ADR-039-stage3b-fixedpred-sufficiency-dus-design_EN.md",
      "russian_cyrillic_ratio": 0.978,
      "english_latin_ratio": 0.9885,
      "russian_raw_cyrillic_ratio": 0.351,
      "english_raw_latin_ratio": 0.9924,
      "language_surface": "markdown_prose"
    },
    {
      "russian": "experiments/planned/STAGE3B-FIXEDPRED-SUFFICIENCY-DUS.md",
      "english": "experiments/planned/STAGE3B-FIXEDPRED-SUFFICIENCY-DUS_EN.md",
      "russian_cyrillic_ratio": 0.9845,
      "english_latin_ratio": 0.9885,
      "russian_raw_cyrillic_ratio": 0.527,
      "english_raw_latin_ratio": 0.992,
      "language_surface": "markdown_prose"
    },
    {
      "russian": "docs/stage3b-integrated-frontier-model.md",
      "english": "docs/stage3b-integrated-frontier-model_EN.md",
      "russian_cyrillic_ratio": 0.9927,
      "english_latin_ratio": 0.9972,
      "russian_raw_cyrillic_ratio": 0.5268,
      "english_raw_latin_ratio": 0.9985,
      "language_surface": "markdown_prose"
    },
    {
      "russian": "docs/decisions/ADR-040-stage3b-integrated-frontier-model.md",
      "english": "docs/decisions/ADR-040-stage3b-integrated-frontier-model_EN.md",
      "russian_cyrillic_ratio": 0.9915,
      "english_latin_ratio": 0.9918,
      "russian_raw_cyrillic_ratio": 0.6022,
      "english_raw_latin_ratio": 0.9951,
      "language_surface": "markdown_prose"
    },
    {
      "russian": "docs/decisions/ADR-041-stage3b-integrated-frontier-corrective-semantics.md",
      "english": "docs/decisions/ADR-041-stage3b-integrated-frontier-corrective-semantics_EN.md",
      "russian_cyrillic_ratio": 0.9614,
      "english_latin_ratio": 0.9953,
      "russian_raw_cyrillic_ratio": 0.5378,
      "english_raw_latin_ratio": 0.9977,
      "language_surface": "markdown_prose"
    },
    {
      "russian": "docs/qwake-fp-experimental-plan.md",
      "english": "docs/qwake-fp-experimental-plan_EN.md",
      "russian_cyrillic_ratio": 0.9952,
      "english_latin_ratio": 0.9969,
      "russian_raw_cyrillic_ratio": 0.6363,
      "english_raw_latin_ratio": 0.9982,
      "language_surface": "markdown_prose"
    },
    {
      "russian": "docs/decisions/ADR-042-stage3b-qwake-fp-bounded-validation-and-single-image-gating.md",
      "english": "docs/decisions/ADR-042-stage3b-qwake-fp-bounded-validation-and-single-image-gating_EN.md",
      "russian_cyrillic_ratio": 0.9956,
      "english_latin_ratio": 0.9969,
      "russian_raw_cyrillic_ratio": 0.4283,
      "english_raw_latin_ratio": 0.9983,
      "language_surface": "markdown_prose"
    },
    {
      "russian": "docs/decisions/ADR-043-stage3b-qwake-fp-special-case-contract.md",
      "english": "docs/decisions/ADR-043-stage3b-qwake-fp-special-case-contract_EN.md",
      "russian_cyrillic_ratio": 0.9912,
      "english_latin_ratio": 1.0,
      "russian_raw_cyrillic_ratio": 0.4716,
      "english_raw_latin_ratio": 1.0,
      "language_surface": "markdown_prose"
    },
    {
      "russian": "docs/decisions/ADR-044-stage3b-qwake-fp-pre-freeze-validation.md",
      "english": "docs/decisions/ADR-044-stage3b-qwake-fp-pre-freeze-validation_EN.md",
      "russian_cyrillic_ratio": 0.9958,
      "english_latin_ratio": 1.0,
      "russian_raw_cyrillic_ratio": 0.75,
      "english_raw_latin_ratio": 1.0,
      "language_surface": "markdown_prose"
    },
    {
      "russian": "docs/decisions/ADR-045-stage3b-qwake-fp-runtime-validation-implementation.md",
      "english": "docs/decisions/ADR-045-stage3b-qwake-fp-runtime-validation-implementation_EN.md",
      "russian_cyrillic_ratio": 0.9723,
      "english_latin_ratio": 0.9966,
      "russian_raw_cyrillic_ratio": 0.7254,
      "english_raw_latin_ratio": 0.9977,
      "language_surface": "markdown_prose"
    },
    {
      "russian": "docs/qwake-local-compute-extension.md",
      "english": "docs/qwake-local-compute-extension_EN.md",
      "russian_cyrillic_ratio": 0.9937,
      "english_latin_ratio": 0.9995,
      "russian_raw_cyrillic_ratio": 0.6564,
      "english_raw_latin_ratio": 0.9997,
      "language_surface": "markdown_prose"
    },
    {
      "russian": "docs/decisions/ADR-046-stage3b-qwake-documentation-refactor-and-image-reset.md",
      "english": "docs/decisions/ADR-046-stage3b-qwake-documentation-refactor-and-image-reset_EN.md",
      "russian_cyrillic_ratio": 0.9905,
      "english_latin_ratio": 0.9898,
      "russian_raw_cyrillic_ratio": 0.7109,
      "english_raw_latin_ratio": 0.9931,
      "language_surface": "markdown_prose"
    },
    {
      "russian": "docs/decisions/ADR-047-stage3b-qwake-fp-runtime-validation-freeze-v2.md",
      "english": "docs/decisions/ADR-047-stage3b-qwake-fp-runtime-validation-freeze-v2_EN.md",
      "russian_cyrillic_ratio": 0.9845,
      "english_latin_ratio": 0.9913,
      "russian_raw_cyrillic_ratio": 0.5745,
      "english_raw_latin_ratio": 0.9953,
      "language_surface": "markdown_prose"
    },
    {
      "russian": "docs/decisions/ADR-048-stage3b-qwake-fp-runtime-validation-evidence-v2.md",
      "english": "docs/decisions/ADR-048-stage3b-qwake-fp-runtime-validation-evidence-v2_EN.md",
      "russian_cyrillic_ratio": 0.9851,
      "english_latin_ratio": 0.9902,
      "russian_raw_cyrillic_ratio": 0.7098,
      "english_raw_latin_ratio": 0.9935,
      "language_surface": "markdown_prose"
    },
    {
      "russian": "docs/decisions/ADR-049-stage3b-qwake-lc0-post-merge-transition.md",
      "english": "docs/decisions/ADR-049-stage3b-qwake-lc0-post-merge-transition_EN.md",
      "russian_cyrillic_ratio": 0.9834,
      "english_latin_ratio": 1.0,
      "russian_raw_cyrillic_ratio": 0.5207,
      "english_raw_latin_ratio": 1.0,
      "language_surface": "markdown_prose"
    },
    {
      "russian": "docs/decisions/ADR-050-stage3b-qwake-lc0-semantics-scope-freeze.md",
      "english": "docs/decisions/ADR-050-stage3b-qwake-lc0-semantics-scope-freeze_EN.md",
      "russian_cyrillic_ratio": 0.9928,
      "english_latin_ratio": 1.0,
      "russian_raw_cyrillic_ratio": 0.6368,
      "english_raw_latin_ratio": 1.0,
      "language_surface": "markdown_prose"
    },
    {
      "russian": "docs/decisions/ADR-051-stage3b-qwake-lc0-repository-freeze.md",
      "english": "docs/decisions/ADR-051-stage3b-qwake-lc0-repository-freeze_EN.md",
      "russian_cyrillic_ratio": 0.9848,
      "english_latin_ratio": 1.0,
      "russian_raw_cyrillic_ratio": 0.5189,
      "english_raw_latin_ratio": 1.0,
      "language_surface": "markdown_prose"
    },
    {
      "russian": "docs/decisions/ADR-052-stage3b-qwake-lc1-transition.md",
      "english": "docs/decisions/ADR-052-stage3b-qwake-lc1-transition_EN.md",
      "russian_cyrillic_ratio": 0.9858,
      "english_latin_ratio": 1.0,
      "russian_raw_cyrillic_ratio": 0.5477,
      "english_raw_latin_ratio": 1.0,
      "language_surface": "markdown_prose"
    },
    {
      "russian": "docs/decisions/ADR-053-stage3b-qwake-lc1-required-response-schema.md",
      "english": "docs/decisions/ADR-053-stage3b-qwake-lc1-required-response-schema_EN.md",
      "russian_cyrillic_ratio": 0.9926,
      "english_latin_ratio": 1.0,
      "russian_raw_cyrillic_ratio": 0.6023,
      "english_raw_latin_ratio": 1.0,
      "language_surface": "markdown_prose"
    },
    {
      "russian": "docs/decisions/ADR-054-stage3b-qwake-lc1-repository-freeze.md",
      "english": "docs/decisions/ADR-054-stage3b-qwake-lc1-repository-freeze_EN.md",
      "russian_cyrillic_ratio": 0.9872,
      "english_latin_ratio": 0.9875,
      "russian_raw_cyrillic_ratio": 0.541,
      "english_raw_latin_ratio": 0.9934,
      "language_surface": "markdown_prose"
    },
    {
      "russian": "docs/decisions/ADR-055-stage3b-qwake-lc2-transition.md",
      "english": "docs/decisions/ADR-055-stage3b-qwake-lc2-transition_EN.md",
      "russian_cyrillic_ratio": 0.9823,
      "english_latin_ratio": 1.0,
      "russian_raw_cyrillic_ratio": 0.563,
      "english_raw_latin_ratio": 1.0,
      "language_surface": "markdown_prose"
    },
    {
      "russian": "docs/decisions/ADR-056-stage3b-qwake-lc2-resource-cost-contract.md",
      "english": "docs/decisions/ADR-056-stage3b-qwake-lc2-resource-cost-contract_EN.md",
      "russian_cyrillic_ratio": 0.9913,
      "english_latin_ratio": 1.0,
      "russian_raw_cyrillic_ratio": 0.6746,
      "english_raw_latin_ratio": 1.0,
      "language_surface": "markdown_prose"
    },
    {
      "russian": "docs/decisions/ADR-057-stage3b-qwake-lc2-repository-freeze.md",
      "english": "docs/decisions/ADR-057-stage3b-qwake-lc2-repository-freeze_EN.md",
      "russian_cyrillic_ratio": 0.983,
      "english_latin_ratio": 0.9831,
      "russian_raw_cyrillic_ratio": 0.4204,
      "english_raw_latin_ratio": 0.9931,
      "language_surface": "markdown_prose"
    },
    {
      "russian": "docs/decisions/ADR-058-stage3b-qwake-lc3-transition.md",
      "english": "docs/decisions/ADR-058-stage3b-qwake-lc3-transition_EN.md",
      "russian_cyrillic_ratio": 0.9909,
      "english_latin_ratio": 1.0,
      "russian_raw_cyrillic_ratio": 0.6098,
      "english_raw_latin_ratio": 1.0,
      "language_surface": "markdown_prose"
    },
    {
      "russian": "docs/decisions/ADR-059-stage3b-qwake-lc3-matched-shadow-validation-contract.md",
      "english": "docs/decisions/ADR-059-stage3b-qwake-lc3-matched-shadow-validation-contract_EN.md",
      "russian_cyrillic_ratio": 0.9925,
      "english_latin_ratio": 1.0,
      "russian_raw_cyrillic_ratio": 0.6943,
      "english_raw_latin_ratio": 1.0,
      "language_surface": "markdown_prose"
    },
    {
      "russian": "docs/decisions/ADR-060-stage3b-qwake-lc3-repository-freeze.md",
      "english": "docs/decisions/ADR-060-stage3b-qwake-lc3-repository-freeze_EN.md",
      "russian_cyrillic_ratio": 0.9816,
      "english_latin_ratio": 0.9841,
      "russian_raw_cyrillic_ratio": 0.4146,
      "english_raw_latin_ratio": 0.9935,
      "language_surface": "markdown_prose"
    },
    {
      "russian": "docs/decisions/ADR-061-stage3b-qwake-lc4-i-bounded-implementation.md",
      "english": "docs/decisions/ADR-061-stage3b-qwake-lc4-i-bounded-implementation_EN.md",
      "russian_cyrillic_ratio": 0.9881,
      "english_latin_ratio": 1.0,
      "russian_raw_cyrillic_ratio": 0.8319,
      "english_raw_latin_ratio": 1.0,
      "language_surface": "markdown_prose"
    },
    {
      "russian": "docs/decisions/ADR-062-stage3b-qwake-lc4-f-runtime-freeze-authoring.md",
      "english": "docs/decisions/ADR-062-stage3b-qwake-lc4-f-runtime-freeze-authoring_EN.md",
      "russian_cyrillic_ratio": 0.983,
      "english_latin_ratio": 1.0,
      "russian_raw_cyrillic_ratio": 0.675,
      "english_raw_latin_ratio": 1.0,
      "language_surface": "markdown_prose"
    },
    {
      "russian": "docs/decisions/ADR-063-stage3b-qwake-lc4-f-runtime-freeze.md",
      "english": "docs/decisions/ADR-063-stage3b-qwake-lc4-f-runtime-freeze_EN.md",
      "russian_cyrillic_ratio": 0.9844,
      "english_latin_ratio": 1.0,
      "russian_raw_cyrillic_ratio": 0.5626,
      "english_raw_latin_ratio": 1.0,
      "language_surface": "markdown_prose"
    },
    {
      "russian": "docs/decisions/ADR-064-stage3b-qwake-lc4-e-execution-admission-authoring.md",
      "english": "docs/decisions/ADR-064-stage3b-qwake-lc4-e-execution-admission-authoring_EN.md",
      "russian_cyrillic_ratio": 0.9874,
      "english_latin_ratio": 1.0,
      "russian_raw_cyrillic_ratio": 0.5936,
      "english_raw_latin_ratio": 1.0,
      "language_surface": "markdown_prose"
    },
    {
      "russian": "docs/decisions/ADR-065-stage3b-qwake-lc4-e-execution-admission-freeze.md",
      "english": "docs/decisions/ADR-065-stage3b-qwake-lc4-e-execution-admission-freeze_EN.md",
      "russian_cyrillic_ratio": 0.9754,
      "english_latin_ratio": 1.0,
      "russian_raw_cyrillic_ratio": 0.394,
      "english_raw_latin_ratio": 1.0,
      "language_surface": "markdown_prose"
    },
    {
      "russian": "docs/decisions/ADR-066-stage3b-qwake-lc4-e-execution-lease-wrapper-authoring.md",
      "english": "docs/decisions/ADR-066-stage3b-qwake-lc4-e-execution-lease-wrapper-authoring_EN.md",
      "russian_cyrillic_ratio": 0.9876,
      "english_latin_ratio": 1.0,
      "russian_raw_cyrillic_ratio": 0.5643,
      "english_raw_latin_ratio": 1.0,
      "language_surface": "markdown_prose"
    },
    {
      "russian": "docs/decisions/ADR-067-stage3b-qwake-lc4-e-execution-lease-wrapper-implementation.md",
      "english": "docs/decisions/ADR-067-stage3b-qwake-lc4-e-execution-lease-wrapper-implementation_EN.md",
      "russian_cyrillic_ratio": 0.9949,
      "english_latin_ratio": 1.0,
      "russian_raw_cyrillic_ratio": 0.6908,
      "english_raw_latin_ratio": 1.0,
      "language_surface": "markdown_prose"
    },
    {
      "russian": "docs/decisions/ADR-068-stage3b-qwake-lc4-e-execution-freeze-authoring.md",
      "english": "docs/decisions/ADR-068-stage3b-qwake-lc4-e-execution-freeze-authoring_EN.md",
      "russian_cyrillic_ratio": 0.9856,
      "english_latin_ratio": 1.0,
      "russian_raw_cyrillic_ratio": 0.6734,
      "english_raw_latin_ratio": 1.0,
      "language_surface": "markdown_prose"
    },
    {
      "russian": "docs/decisions/ADR-069-stage3b-qwake-lc4-e-runtime-backend-implementation.md",
      "english": "docs/decisions/ADR-069-stage3b-qwake-lc4-e-runtime-backend-implementation_EN.md",
      "russian_cyrillic_ratio": 0.9911,
      "english_latin_ratio": 0.9947,
      "russian_raw_cyrillic_ratio": 0.6862,
      "english_raw_latin_ratio": 0.9965,
      "language_surface": "markdown_prose"
    },
    {
      "russian": "docs/decisions/ADR-070-stage3b-qwake-lc4-e-execution-freeze-materialization.md",
      "english": "docs/decisions/ADR-070-stage3b-qwake-lc4-e-execution-freeze-materialization_EN.md",
      "russian_cyrillic_ratio": 0.9981,
      "english_latin_ratio": 1.0,
      "russian_raw_cyrillic_ratio": 0.7498,
      "english_raw_latin_ratio": 1.0,
      "language_surface": "markdown_prose"
    },
    {
      "russian": "docs/decisions/ADR-071-stage3b-qwake-lc4-e-one-shot-invocation-authorization.md",
      "english": "docs/decisions/ADR-071-stage3b-qwake-lc4-e-one-shot-invocation-authorization_EN.md",
      "russian_cyrillic_ratio": 0.9917,
      "english_latin_ratio": 1.0,
      "russian_raw_cyrillic_ratio": 0.7588,
      "english_raw_latin_ratio": 1.0,
      "language_surface": "markdown_prose"
    },
    {
      "russian": "docs/decisions/ADR-072-stage3b-qwake-lc4-e-one-shot-invocation-wrapper-authoring.md",
      "english": "docs/decisions/ADR-072-stage3b-qwake-lc4-e-one-shot-invocation-wrapper-authoring_EN.md",
      "russian_cyrillic_ratio": 0.9859,
      "english_latin_ratio": 1.0,
      "russian_raw_cyrillic_ratio": 0.6216,
      "english_raw_latin_ratio": 1.0,
      "language_surface": "markdown_prose"
    },
    {
      "russian": "docs/decisions/ADR-073-stage3b-qwake-lc4-e-one-shot-invocation-wrapper-implementation.md",
      "english": "docs/decisions/ADR-073-stage3b-qwake-lc4-e-one-shot-invocation-wrapper-implementation_EN.md",
      "russian_cyrillic_ratio": 0.988,
      "english_latin_ratio": 1.0,
      "russian_raw_cyrillic_ratio": 0.5977,
      "english_raw_latin_ratio": 1.0,
      "language_surface": "markdown_prose"
    },
    {
      "russian": "docs/decisions/ADR-074-stage3b-qwake-lc4-e-one-shot-host-runtime-invoker-authoring.md",
      "english": "docs/decisions/ADR-074-stage3b-qwake-lc4-e-one-shot-host-runtime-invoker-authoring_EN.md",
      "russian_cyrillic_ratio": 0.9976,
      "english_latin_ratio": 1.0,
      "russian_raw_cyrillic_ratio": 0.7949,
      "english_raw_latin_ratio": 1.0,
      "language_surface": "markdown_prose"
    },
    {
      "russian": "docs/decisions/ADR-075-stage3b-qwake-lc4-e-one-shot-host-runtime-invoker-implementation.md",
      "english": "docs/decisions/ADR-075-stage3b-qwake-lc4-e-one-shot-host-runtime-invoker-implementation_EN.md",
      "russian_cyrillic_ratio": 0.9968,
      "english_latin_ratio": 1.0,
      "russian_raw_cyrillic_ratio": 0.6155,
      "english_raw_latin_ratio": 1.0,
      "language_surface": "markdown_prose"
    },
    {
      "russian": "docs/decisions/ADR-076-stage3b-qwake-lc4-e-one-shot-host-runtime-invoker-repository-freeze.md",
      "english": "docs/decisions/ADR-076-stage3b-qwake-lc4-e-one-shot-host-runtime-invoker-repository-freeze_EN.md",
      "russian_cyrillic_ratio": 0.9775,
      "english_latin_ratio": 1.0,
      "russian_raw_cyrillic_ratio": 0.4922,
      "english_raw_latin_ratio": 1.0,
      "language_surface": "markdown_prose"
    },
    {
      "russian": "docs/decisions/ADR-077-stage3b-qwake-lc4-e-one-shot-engineering-invocation-admission.md",
      "english": "docs/decisions/ADR-077-stage3b-qwake-lc4-e-one-shot-engineering-invocation-admission_EN.md",
      "russian_cyrillic_ratio": 0.9792,
      "english_latin_ratio": 1.0,
      "russian_raw_cyrillic_ratio": 0.4559,
      "english_raw_latin_ratio": 1.0,
      "language_surface": "markdown_prose"
    },
    {
      "russian": "docs/decisions/ADR-078-stage3b-qwake-lc4-e-one-shot-engineering-invocation-operation.md",
      "english": "docs/decisions/ADR-078-stage3b-qwake-lc4-e-one-shot-engineering-invocation-operation_EN.md",
      "russian_cyrillic_ratio": 0.9789,
      "english_latin_ratio": 1.0,
      "russian_raw_cyrillic_ratio": 0.5114,
      "english_raw_latin_ratio": 1.0,
      "language_surface": "markdown_prose"
    },
    {
      "russian": "docs/decisions/ADR-079-stage3b-qwake-lc4-e-one-shot-engineering-invocation-execution-authorization.md",
      "english": "docs/decisions/ADR-079-stage3b-qwake-lc4-e-one-shot-engineering-invocation-execution-authorization_EN.md",
      "russian_cyrillic_ratio": 0.9865,
      "english_latin_ratio": 1.0,
      "russian_raw_cyrillic_ratio": 0.5263,
      "english_raw_latin_ratio": 1.0,
      "language_surface": "markdown_prose"
    },
    {
      "russian": "docs/decisions/ADR-080-stage3b-qwake-lc4-e-one-shot-engineering-invocation-preexecution-verification.md",
      "english": "docs/decisions/ADR-080-stage3b-qwake-lc4-e-one-shot-engineering-invocation-preexecution-verification_EN.md",
      "russian_cyrillic_ratio": 0.9885,
      "english_latin_ratio": 0.9933,
      "russian_raw_cyrillic_ratio": 0.5681,
      "english_raw_latin_ratio": 0.9964,
      "language_surface": "markdown_prose"
    },
    {
      "russian": "docs/decisions/ADR-081-stage3b-qwake-lc4-e-one-shot-engineering-invocation-runtime-operation.md",
      "english": "docs/decisions/ADR-081-stage3b-qwake-lc4-e-one-shot-engineering-invocation-runtime-operation_EN.md",
      "russian_cyrillic_ratio": 0.9883,
      "english_latin_ratio": 0.9936,
      "russian_raw_cyrillic_ratio": 0.5712,
      "english_raw_latin_ratio": 0.9965,
      "language_surface": "markdown_prose"
    },
    {
      "russian": "docs/decisions/ADR-082-stage3b-qwake-lc4-e-runtime-operation-identity-repair.md",
      "english": "docs/decisions/ADR-082-stage3b-qwake-lc4-e-runtime-operation-identity-repair_EN.md",
      "russian_cyrillic_ratio": 0.9832,
      "english_latin_ratio": 0.99,
      "russian_raw_cyrillic_ratio": 0.5026,
      "english_raw_latin_ratio": 0.9954,
      "language_surface": "markdown_prose"
    },
    {
      "russian": "docs/decisions/ADR-083-stage3b-qwake-lc4-e-persistent-evidence-chain-v2.md",
      "english": "docs/decisions/ADR-083-stage3b-qwake-lc4-e-persistent-evidence-chain-v2_EN.md",
      "russian_cyrillic_ratio": 0.9803,
      "english_latin_ratio": 1.0,
      "russian_raw_cyrillic_ratio": 0.6499,
      "english_raw_latin_ratio": 1.0,
      "language_surface": "markdown_prose"
    },
    {
      "russian": "docs/decisions/ADR-084-stage3b-qwake-lc4-e-persistent-evidence-chain-v2-implementation.md",
      "english": "docs/decisions/ADR-084-stage3b-qwake-lc4-e-persistent-evidence-chain-v2-implementation_EN.md",
      "russian_cyrillic_ratio": 0.9916,
      "english_latin_ratio": 1.0,
      "russian_raw_cyrillic_ratio": 0.8546,
      "english_raw_latin_ratio": 1.0,
      "language_surface": "markdown_prose"
    },
    {
      "russian": "docs/decisions/ADR-085-stage3b-qwake-lc4-e-lease-bound-host-invoker-wiring.md",
      "english": "docs/decisions/ADR-085-stage3b-qwake-lc4-e-lease-bound-host-invoker-wiring_EN.md",
      "russian_cyrillic_ratio": 0.9927,
      "english_latin_ratio": 1.0,
      "russian_raw_cyrillic_ratio": 0.7924,
      "english_raw_latin_ratio": 1.0,
      "language_surface": "markdown_prose"
    },
    {
      "russian": "docs/decisions/ADR-086-stage3b-qwake-lc4-e-final-execution-acknowledgement-authoring.md",
      "english": "docs/decisions/ADR-086-stage3b-qwake-lc4-e-final-execution-acknowledgement-authoring_EN.md",
      "russian_cyrillic_ratio": 0.9736,
      "english_latin_ratio": 1.0,
      "russian_raw_cyrillic_ratio": 0.6044,
      "english_raw_latin_ratio": 1.0,
      "language_surface": "markdown_prose"
    },
    {
      "russian": "docs/decisions/ADR-087-stage3b-qwake-lc4-e-final-execution-acknowledgement-issuance-authoring.md",
      "english": "docs/decisions/ADR-087-stage3b-qwake-lc4-e-final-execution-acknowledgement-issuance-authoring_EN.md",
      "russian_cyrillic_ratio": 0.9778,
      "english_latin_ratio": 1.0,
      "russian_raw_cyrillic_ratio": 0.5951,
      "english_raw_latin_ratio": 1.0,
      "language_surface": "markdown_prose"
    },
    {
      "russian": "docs/decisions/ADR-088-stage3b-qwake-lc4-e-final-execution-acknowledgement-issuance-implementation.md",
      "english": "docs/decisions/ADR-088-stage3b-qwake-lc4-e-final-execution-acknowledgement-issuance-implementation_EN.md",
      "russian_cyrillic_ratio": 0.9879,
      "english_latin_ratio": 1.0,
      "russian_raw_cyrillic_ratio": 0.7109,
      "english_raw_latin_ratio": 1.0,
      "language_surface": "markdown_prose"
    },
    {
      "russian": "docs/decisions/ADR-089-stage3b-qwake-lc4-e-final-execution-acknowledgement-materialization-authoring.md",
      "english": "docs/decisions/ADR-089-stage3b-qwake-lc4-e-final-execution-acknowledgement-materialization-authoring_EN.md",
      "russian_cyrillic_ratio": 0.9932,
      "english_latin_ratio": 1.0,
      "russian_raw_cyrillic_ratio": 0.7196,
      "english_raw_latin_ratio": 1.0,
      "language_surface": "markdown_prose"
    },
    {
      "russian": "docs/decisions/ADR-090-stage3b-qwake-lc4-e-final-execution-acknowledgement-materialization-implementation.md",
      "english": "docs/decisions/ADR-090-stage3b-qwake-lc4-e-final-execution-acknowledgement-materialization-implementation_EN.md",
      "russian_cyrillic_ratio": 0.9939,
      "english_latin_ratio": 1.0,
      "russian_raw_cyrillic_ratio": 0.7054,
      "english_raw_latin_ratio": 1.0,
      "language_surface": "markdown_prose"
    },
    {
      "russian": "docs/decisions/ADR-091-stage3b-qwake-lc4-e-final-execution-acknowledgement-materialization-invocation-authoring.md",
      "english": "docs/decisions/ADR-091-stage3b-qwake-lc4-e-final-execution-acknowledgement-materialization-invocation-authoring_EN.md",
      "russian_cyrillic_ratio": 0.9897,
      "english_latin_ratio": 1.0,
      "russian_raw_cyrillic_ratio": 0.6945,
      "english_raw_latin_ratio": 1.0,
      "language_surface": "markdown_prose"
    },
    {
      "russian": "docs/decisions/ADR-092-stage3b-qwake-lc4-e-final-execution-acknowledgement-materialization-invocation-implementation.md",
      "english": "docs/decisions/ADR-092-stage3b-qwake-lc4-e-final-execution-acknowledgement-materialization-invocation-implementation_EN.md",
      "russian_cyrillic_ratio": 0.9881,
      "english_latin_ratio": 1.0,
      "russian_raw_cyrillic_ratio": 0.6211,
      "english_raw_latin_ratio": 1.0,
      "language_surface": "markdown_prose"
    },
    {
      "russian": "docs/decisions/ADR-093-stage3b-qwake-lc4-e-final-execution-acknowledgement-materialization-invocation-operation-authoring.md",
      "english": "docs/decisions/ADR-093-stage3b-qwake-lc4-e-final-execution-acknowledgement-materialization-invocation-operation-authoring_EN.md",
      "russian_cyrillic_ratio": 0.9878,
      "english_latin_ratio": 1.0,
      "russian_raw_cyrillic_ratio": 0.6157,
      "english_raw_latin_ratio": 1.0,
      "language_surface": "markdown_prose"
    },
    {
      "russian": "docs/decisions/ADR-094-stage3b-qwake-lc4-e-final-execution-acknowledgement-materialization-invocation-operation-implementation.md",
      "english": "docs/decisions/ADR-094-stage3b-qwake-lc4-e-final-execution-acknowledgement-materialization-invocation-operation-implementation_EN.md",
      "russian_cyrillic_ratio": 0.9864,
      "english_latin_ratio": 1.0,
      "russian_raw_cyrillic_ratio": 0.5351,
      "english_raw_latin_ratio": 1.0,
      "language_surface": "markdown_prose"
    },
    {
      "russian": "docs/decisions/ADR-095-stage3b-qwake-lc4-e-final-execution-acknowledgement-materialization-invocation-operation-callsite-authoring.md",
      "english": "docs/decisions/ADR-095-stage3b-qwake-lc4-e-final-execution-acknowledgement-materialization-invocation-operation-callsite-authoring_EN.md",
      "russian_cyrillic_ratio": 0.994,
      "english_latin_ratio": 1.0,
      "russian_raw_cyrillic_ratio": 0.6255,
      "english_raw_latin_ratio": 1.0,
      "language_surface": "markdown_prose"
    },
    {
      "russian": "docs/decisions/ADR-096-stage3b-qwake-lc4-e-final-execution-acknowledgement-materialization-invocation-operation-callsite-implementation.md",
      "english": "docs/decisions/ADR-096-stage3b-qwake-lc4-e-final-execution-acknowledgement-materialization-invocation-operation-callsite-implementation_EN.md",
      "russian_cyrillic_ratio": 0.9991,
      "english_latin_ratio": 1.0,
      "russian_raw_cyrillic_ratio": 0.7213,
      "english_raw_latin_ratio": 1.0,
      "language_surface": "markdown_prose"
    },
    {
      "russian": "docs/decisions/ADR-097-stage3b-qwake-lc4-e-final-execution-acknowledgement-materialization-invocation-operation-callsite-execution-authoring.md",
      "english": "docs/decisions/ADR-097-stage3b-qwake-lc4-e-final-execution-acknowledgement-materialization-invocation-operation-callsite-execution-authoring_EN.md",
      "russian_cyrillic_ratio": 0.9897,
      "english_latin_ratio": 1.0,
      "russian_raw_cyrillic_ratio": 0.6264,
      "english_raw_latin_ratio": 1.0,
      "language_surface": "markdown_prose"
    },
    {
      "russian": "docs/decisions/ADR-098-stage3b-qwake-lc4-e-final-execution-acknowledgement-materialization-invocation-operation-callsite-execution-authorization.md",
      "english": "docs/decisions/ADR-098-stage3b-qwake-lc4-e-final-execution-acknowledgement-materialization-invocation-operation-callsite-execution-authorization_EN.md",
      "russian_cyrillic_ratio": 0.9976,
      "english_latin_ratio": 1.0,
      "russian_raw_cyrillic_ratio": 0.757,
      "english_raw_latin_ratio": 1.0,
      "language_surface": "markdown_prose"
    },
    {
      "russian": "docs/decisions/ADR-099-stage3b-qwake-lc4-e-post-acknowledgement-transition.md",
      "english": "docs/decisions/ADR-099-stage3b-qwake-lc4-e-post-acknowledgement-transition_EN.md",
      "russian_cyrillic_ratio": 0.9874,
      "english_latin_ratio": 1.0,
      "russian_raw_cyrillic_ratio": 0.6459,
      "english_raw_latin_ratio": 1.0,
      "language_surface": "markdown_prose"
    },
    {
      "russian": "docs/decisions/ADR-100-stage3b-qwake-lc4-e-final-engineering-invocation-admission-authoring-scope-freeze.md",
      "english": "docs/decisions/ADR-100-stage3b-qwake-lc4-e-final-engineering-invocation-admission-authoring-scope-freeze_EN.md",
      "russian_cyrillic_ratio": 0.9887,
      "english_latin_ratio": 1.0,
      "russian_raw_cyrillic_ratio": 0.6744,
      "english_raw_latin_ratio": 1.0,
      "language_surface": "markdown_prose"
    },
    {
      "russian": "docs/decisions/ADR-101-stage3b-qwake-lc4-e-final-engineering-invocation-admission-authoring.md",
      "english": "docs/decisions/ADR-101-stage3b-qwake-lc4-e-final-engineering-invocation-admission-authoring_EN.md",
      "russian_cyrillic_ratio": 0.9868,
      "english_latin_ratio": 1.0,
      "russian_raw_cyrillic_ratio": 0.598,
      "english_raw_latin_ratio": 1.0,
      "language_surface": "markdown_prose"
    },
    {
      "russian": "docs/decisions/ADR-102-stage3b-qwake-lc4-e-final-engineering-invocation-admission-repository-seal.md",
      "english": "docs/decisions/ADR-102-stage3b-qwake-lc4-e-final-engineering-invocation-admission-repository-seal_EN.md",
      "russian_cyrillic_ratio": 0.984,
      "english_latin_ratio": 1.0,
      "russian_raw_cyrillic_ratio": 0.5134,
      "english_raw_latin_ratio": 1.0,
      "language_surface": "markdown_prose"
    },
    {
      "russian": "docs/decisions/ADR-103-stage3b-qwake-lc4-e-final-engineering-invocation-authorization-authoring-scope-freeze.md",
      "english": "docs/decisions/ADR-103-stage3b-qwake-lc4-e-final-engineering-invocation-authorization-authoring-scope-freeze_EN.md",
      "russian_cyrillic_ratio": 0.9841,
      "english_latin_ratio": 1.0,
      "russian_raw_cyrillic_ratio": 0.6054,
      "english_raw_latin_ratio": 1.0,
      "language_surface": "markdown_prose"
    },
    {
      "russian": "docs/decisions/ADR-104-stage3b-qwake-lc4-e-final-engineering-invocation-authorization-record-authoring.md",
      "english": "docs/decisions/ADR-104-stage3b-qwake-lc4-e-final-engineering-invocation-authorization-record-authoring_EN.md",
      "russian_cyrillic_ratio": 0.9813,
      "english_latin_ratio": 1.0,
      "russian_raw_cyrillic_ratio": 0.4695,
      "english_raw_latin_ratio": 1.0,
      "language_surface": "markdown_prose"
    },
    {
      "russian": "docs/decisions/ADR-105-stage3b-qwake-lc4-e-final-engineering-invocation-authorization-consumption-attempt-scope-freeze.md",
      "english": "docs/decisions/ADR-105-stage3b-qwake-lc4-e-final-engineering-invocation-authorization-consumption-attempt-scope-freeze_EN.md",
      "russian_cyrillic_ratio": 0.9869,
      "english_latin_ratio": 1.0,
      "russian_raw_cyrillic_ratio": 0.5877,
      "english_raw_latin_ratio": 1.0,
      "language_surface": "markdown_prose"
    },
    {
      "russian": "docs/decisions/ADR-106-stage3b-qwake-lc4-e-final-engineering-invocation-authorization-consumption-attempt-record-authoring.md",
      "english": "docs/decisions/ADR-106-stage3b-qwake-lc4-e-final-engineering-invocation-authorization-consumption-attempt-record-authoring_EN.md",
      "russian_cyrillic_ratio": 0.9879,
      "english_latin_ratio": 1.0,
      "russian_raw_cyrillic_ratio": 0.4491,
      "english_raw_latin_ratio": 1.0,
      "language_surface": "markdown_prose"
    },
    {
      "russian": "docs/decisions/ADR-107-stage3b-qwake-lc4-e-final-engineering-invocation-authorization-consumption-attempt-atomic-transition-scope-freeze.md",
      "english": "docs/decisions/ADR-107-stage3b-qwake-lc4-e-final-engineering-invocation-authorization-consumption-attempt-atomic-transition-scope-freeze_EN.md",
      "russian_cyrillic_ratio": 0.9922,
      "english_latin_ratio": 1.0,
      "russian_raw_cyrillic_ratio": 0.559,
      "english_raw_latin_ratio": 1.0,
      "language_surface": "markdown_prose"
    },
    {
      "russian": "docs/decisions/ADR-108-stage3b-qwake-lc4-e-final-engineering-invocation-authorization-consumption-attempt-atomic-transition-authoring.md",
      "english": "docs/decisions/ADR-108-stage3b-qwake-lc4-e-final-engineering-invocation-authorization-consumption-attempt-atomic-transition-authoring_EN.md",
      "russian_cyrillic_ratio": 0.9966,
      "english_latin_ratio": 1.0,
      "russian_raw_cyrillic_ratio": 0.5545,
      "english_raw_latin_ratio": 1.0,
      "language_surface": "markdown_prose"
    },
    {
      "russian": "docs/decisions/ADR-109-stage3b-qwake-lc4-e-final-engineering-invocation-authorization-consumption-attempt-atomic-transition-operation-scope-freeze.md",
      "english": "docs/decisions/ADR-109-stage3b-qwake-lc4-e-final-engineering-invocation-authorization-consumption-attempt-atomic-transition-operation-scope-freeze_EN.md",
      "russian_cyrillic_ratio": 0.988,
      "english_latin_ratio": 0.994,
      "russian_raw_cyrillic_ratio": 0.4193,
      "english_raw_latin_ratio": 0.9976,
      "language_surface": "markdown_prose"
    },
    {
      "russian": "docs/decisions/ADR-110-stage3b-qwake-lc4-e-final-engineering-invocation-authorization-consumption-attempt-atomic-transition-operation-authoring.md",
      "english": "docs/decisions/ADR-110-stage3b-qwake-lc4-e-final-engineering-invocation-authorization-consumption-attempt-atomic-transition-operation-authoring_EN.md",
      "russian_cyrillic_ratio": 0.9875,
      "english_latin_ratio": 0.9944,
      "russian_raw_cyrillic_ratio": 0.5668,
      "english_raw_latin_ratio": 0.997,
      "language_surface": "markdown_prose"
    },
    {
      "russian": "docs/decisions/ADR-111-stage3b-qwake-lc4-e-claim-execute-order-correction.md",
      "english": "docs/decisions/ADR-111-stage3b-qwake-lc4-e-claim-execute-order-correction_EN.md",
      "russian_cyrillic_ratio": 0.9945,
      "english_latin_ratio": 1.0,
      "russian_raw_cyrillic_ratio": 0.813,
      "english_raw_latin_ratio": 1.0,
      "language_surface": "markdown_prose"
    },
    {
      "russian": "docs/decisions/ADR-112-stage3b-qwake-attempt-003-clean-source-closure-design.md",
      "english": "docs/decisions/ADR-112-stage3b-qwake-attempt-003-clean-source-closure-design_EN.md",
      "russian_cyrillic_ratio": 0.9982,
      "english_latin_ratio": 1.0,
      "russian_raw_cyrillic_ratio": 0.8621,
      "english_raw_latin_ratio": 1.0,
      "language_surface": "markdown_prose"
    },
    {
      "russian": "docs/decisions/ADR-113-stage3b-qwake-attempt-003-source-binding-execution-freeze-authoring.md",
      "english": "docs/decisions/ADR-113-stage3b-qwake-attempt-003-source-binding-execution-freeze-authoring_EN.md",
      "russian_cyrillic_ratio": 1.0,
      "english_latin_ratio": 1.0,
      "russian_raw_cyrillic_ratio": 0.8566,
      "english_raw_latin_ratio": 1.0,
      "language_surface": "markdown_prose"
    },
    {
      "russian": "docs/decisions/ADR-114-stage3b-qwake-attempt-003-execution-freeze-materialization-implementation.md",
      "english": "docs/decisions/ADR-114-stage3b-qwake-attempt-003-execution-freeze-materialization-implementation_EN.md",
      "russian_cyrillic_ratio": 1.0,
      "english_latin_ratio": 1.0,
      "russian_raw_cyrillic_ratio": 0.836,
      "english_raw_latin_ratio": 1.0,
      "language_surface": "markdown_prose"
    },
    {
      "russian": "docs/decisions/ADR-115-stage3b-qwake-attempt-003-authorization-materialization-authoring.md",
      "english": "docs/decisions/ADR-115-stage3b-qwake-attempt-003-authorization-materialization-authoring_EN.md",
      "russian_cyrillic_ratio": 0.9962,
      "english_latin_ratio": 1.0,
      "russian_raw_cyrillic_ratio": 0.7977,
      "english_raw_latin_ratio": 1.0,
      "language_surface": "markdown_prose"
    },
    {
      "russian": "docs/decisions/ADR-116-stage3b-qwake-attempt-003-host-invocation-chain-authoring.md",
      "english": "docs/decisions/ADR-116-stage3b-qwake-attempt-003-host-invocation-chain-authoring_EN.md",
      "russian_cyrillic_ratio": 0.9878,
      "english_latin_ratio": 1.0,
      "russian_raw_cyrillic_ratio": 0.8079,
      "english_raw_latin_ratio": 1.0,
      "language_surface": "markdown_prose"
    },
    {
      "russian": "docs/decisions/ADR-117-stage3b-qwake-attempt-003-host-invocation-command-materialization-authoring.md",
      "english": "docs/decisions/ADR-117-stage3b-qwake-attempt-003-host-invocation-command-materialization-authoring_EN.md",
      "russian_cyrillic_ratio": 0.991,
      "english_latin_ratio": 1.0,
      "russian_raw_cyrillic_ratio": 0.8033,
      "english_raw_latin_ratio": 1.0,
      "language_surface": "markdown_prose"
    },
    {
      "russian": "docs/decisions/ADR-118-stage3b-qwake-attempt-003-host-invocation-process-spawner-authoring.md",
      "english": "docs/decisions/ADR-118-stage3b-qwake-attempt-003-host-invocation-process-spawner-authoring_EN.md",
      "russian_cyrillic_ratio": 0.9936,
      "english_latin_ratio": 1.0,
      "russian_raw_cyrillic_ratio": 0.6743,
      "english_raw_latin_ratio": 1.0,
      "language_surface": "markdown_prose"
    },
    {
      "russian": "docs/decisions/ADR-119-stage3b-qwake-attempt-004-cpu-measurement-stabilization.md",
      "english": "docs/decisions/ADR-119-stage3b-qwake-attempt-004-cpu-measurement-stabilization_EN.md",
      "russian_cyrillic_ratio": 0.9863,
      "english_latin_ratio": 1.0,
      "russian_raw_cyrillic_ratio": 0.8693,
      "english_raw_latin_ratio": 1.0,
      "language_surface": "markdown_prose"
    },
    {
      "russian": "docs/decisions/ADR-120-stage3b-qwake-attempt-004-consolidated-execution-chain.md",
      "english": "docs/decisions/ADR-120-stage3b-qwake-attempt-004-consolidated-execution-chain_EN.md",
      "russian_cyrillic_ratio": 0.9855,
      "english_latin_ratio": 1.0,
      "russian_raw_cyrillic_ratio": 0.7984,
      "english_raw_latin_ratio": 1.0,
      "language_surface": "markdown_prose"
    },
    {
      "russian": "docs/decisions/ADR-121-stage3b-qwake-attempt-005-lane-isolated-integration-confirmation.md",
      "english": "docs/decisions/ADR-121-stage3b-qwake-attempt-005-lane-isolated-integration-confirmation_EN.md",
      "russian_cyrillic_ratio": 0.9809,
      "english_latin_ratio": 1.0,
      "russian_raw_cyrillic_ratio": 0.845,
      "english_raw_latin_ratio": 1.0,
      "language_surface": "markdown_prose"
    },
    {
      "russian": "docs/decisions/ADR-122-stage3b-qwake-lc4-e-attempt-005-successful-validation-transition.md",
      "english": "docs/decisions/ADR-122-stage3b-qwake-lc4-e-attempt-005-successful-validation-transition_EN.md",
      "russian_cyrillic_ratio": 0.9978,
      "english_latin_ratio": 1.0,
      "russian_raw_cyrillic_ratio": 0.6289,
      "english_raw_latin_ratio": 1.0,
      "language_surface": "markdown_prose"
    },
    {
      "russian": "docs/decisions/ADR-123-stage3b-qwake-qw5-single-scientific-image-freeze.md",
      "english": "docs/decisions/ADR-123-stage3b-qwake-qw5-single-scientific-image-freeze_EN.md",
      "russian_cyrillic_ratio": 0.9916,
      "english_latin_ratio": 1.0,
      "russian_raw_cyrillic_ratio": 0.5372,
      "english_raw_latin_ratio": 1.0,
      "language_surface": "markdown_prose"
    },
    {
      "russian": "docs/decisions/ADR-124-stage3b-qwake-qw5-superseding-scientific-orchestrator.md",
      "english": "docs/decisions/ADR-124-stage3b-qwake-qw5-superseding-scientific-orchestrator_EN.md",
      "russian_cyrillic_ratio": 0.9929,
      "english_latin_ratio": 1.0,
      "russian_raw_cyrillic_ratio": 0.6615,
      "english_raw_latin_ratio": 1.0,
      "language_surface": "markdown_prose"
    },
    {
      "russian": "docs/decisions/ADR-125-stage3b-qwake-qw5-superseding-scientific-image-freeze.md",
      "english": "docs/decisions/ADR-125-stage3b-qwake-qw5-superseding-scientific-image-freeze_EN.md",
      "russian_cyrillic_ratio": 0.9864,
      "english_latin_ratio": 1.0,
      "russian_raw_cyrillic_ratio": 0.5133,
      "english_raw_latin_ratio": 1.0,
      "language_surface": "markdown_prose"
    },
    {
      "russian": "docs/decisions/ADR-126-stage3b-qwake-c1-train-only-dataset-isolation-correction.md",
      "english": "docs/decisions/ADR-126-stage3b-qwake-c1-train-only-dataset-isolation-correction_EN.md",
      "russian_cyrillic_ratio": 0.9877,
      "english_latin_ratio": 1.0,
      "russian_raw_cyrillic_ratio": 0.5835,
      "english_raw_latin_ratio": 1.0,
      "language_surface": "markdown_prose"
    },
    {
      "russian": "docs/decisions/ADR-127-stage3b-qwake-c1-train-only-corrected-scientific-image-freeze.md",
      "english": "docs/decisions/ADR-127-stage3b-qwake-c1-train-only-corrected-scientific-image-freeze_EN.md",
      "russian_cyrillic_ratio": 0.9878,
      "english_latin_ratio": 0.9933,
      "russian_raw_cyrillic_ratio": 0.5421,
      "english_raw_latin_ratio": 0.9965,
      "language_surface": "markdown_prose"
    },
    {
      "russian": "docs/decisions/ADR-128-stage3b-qwake-c1-request-freeze-repository-integration.md",
      "english": "docs/decisions/ADR-128-stage3b-qwake-c1-request-freeze-repository-integration_EN.md",
      "russian_cyrillic_ratio": 0.9847,
      "english_latin_ratio": 0.9892,
      "russian_raw_cyrillic_ratio": 0.4728,
      "english_raw_latin_ratio": 0.995,
      "language_surface": "markdown_prose"
    },
    {
      "russian": "docs/decisions/ADR-129-stage3b-qwake-c1-attempt-001-host-identity-permission-correction.md",
      "english": "docs/decisions/ADR-129-stage3b-qwake-c1-attempt-001-host-identity-permission-correction_EN.md",
      "russian_cyrillic_ratio": 0.9826,
      "english_latin_ratio": 0.9871,
      "russian_raw_cyrillic_ratio": 0.5237,
      "english_raw_latin_ratio": 0.9936,
      "language_surface": "markdown_prose"
    }
  ],
  "glossary_terms": 117,
  "discovered_docs_pairs": 178
}
LANGUAGE_PAIR_COUNT=229
LANGUAGE_WARNING_COUNT=3
LANGUAGE_STRUCTURE=PASS
=== GLOSSARY ===
{
  "status": "ok",
  "glossary_terms": 117,
  "scanned_documents": 354,
  "linked_first_uses": 1571,
  "errors": []
}
GLOSSARY=PASS
=== TARGETED PYTEST ===
...............                                                          [100%]
15 passed in 4.10s
TARGETED_SCIENTIFIC_CAMPAIGN_TESTS=PASS
=== QWAKE C1 HOST IDENTITY CORRECTION POST-MERGE VERIFY V1 SUCCESS ===
FINAL_STATUS=0
PR202_MERGED=true
BASE_COMMIT=fe4ed4271a07dbf9334530a06f31ed57fc044d22
BASE_TREE=3d33a736313b9293b97c02aedece61db77c02072
AUTHORING_COMMIT=af8b25872ef6fa092fb3a24e9c390489aa23f986
AUTHORING_TREE=855889593a33bb6450e31cfc9feb152d14bd5292
AUTHORING_DIFF_SHA256=3ed683fd5d21bcec645c3113c0239d40641d86ec6a5a35be406d28d95d876897
MERGE_COMMIT=98cff5b2ecd64e1c96e19f0b04104ac00a5c3cf2
MERGE_TREE=855889593a33bb6450e31cfc9feb152d14bd5292
MERGE_TREE_EQUALS_AUTHORING_TREE=true
PATCH_PATH_COUNT=20
C1_HOST_IDENTITY_PERMISSION_CORRECTION_POST_MERGE_VERIFIED=true
SCIENTIFIC_AUTHORIZATION_ISSUED=false
ATTEMPT002_CREATED=false
DOCKER_BUILD_INVOKED=false
DOCKER_RUN_INVOKED=false
TEST_DATASET_ACCESS=false
PUBLICATION_PERMITTED=false
NEXT=authorize_new_corrected_scientific_image_build_freeze
{"attempt001_authorization_consumed":true,"attempt001_retry_permitted":false,"attempt002_created":false,"authoring_commit":"af8b25872ef6fa092fb3a24e9c390489aa23f986","authoring_diff_sha256":"3ed683fd5d21bcec645c3113c0239d40641d86ec6a5a35be406d28d95d876897","host_identity_correction_sha256":"sha256:dd827f2ecb5fc983ad9d800961c34f61d443240651dc007526332fe6215d24aa","merge_parent_1":"fe4ed4271a07dbf9334530a06f31ed57fc044d22","merge_parent_2":"af8b25872ef6fa092fb3a24e9c390489aa23f986","new_c1_request_freeze_required":true,"previous_c1_request_reusable":false,"previous_scientific_image_digest":"sha256:89703b0b37b2729855835a6ed19ba1ca397ae14614c318344bd7625d12c727ef","runtime_source_manifest_sha256":"sha256:fbfd01ecd41cc1615acef9f0fc9b3dd390e9605ebadd9a5dc86d78a425e2ac7b","runtime_source_path_count":157,"schema_version":1,"scientific_campaign_test_sha256":"sha256:193f748efed5b72f652eccfa9579afd752f507412bded855b191d60920b9dc33","scientific_host_sha256":"sha256:dc72616b0b0fa88c5945eabce2b55bb1f55c386b7ea98b6081b1838f9f56efec","source_commit":"98cff5b2ecd64e1c96e19f0b04104ac00a5c3cf2","source_identity_sha256":"sha256:04bfe4b7145a485bc40dc8f38daf33beb895011dc622e6cb0f901ad575999bc7","source_overlay":false,"source_tree":"855889593a33bb6450e31cfc9feb152d14bd5292","source_worktree_clean":true}
a009b4543334acacef670ca39c4d080f7f5a26770df7e9a7253ceea5597b282e  .dockerignore
2db033d60ae5a5a6f060f84457e48dbb2b0874f5df3a3128becef90b762ba946  Dockerfile.rocm
5646a4275998b91efe05c215f334eb2ab1f292828434a7eddfc715bf56746352  pyproject.toml
032e6779e8f9aa3ebb686adf2b238775e114b91703e56ec3da78ef5118973e03  requirements/dev.txt
90bd739cbe3de5b7ae80729155c14573009194496de757aee0739ff589f02da1  requirements/lock-dev.txt
90bd739cbe3de5b7ae80729155c14573009194496de757aee0739ff589f02da1  requirements/lock-rocm.txt
fa3b401ffd43d54652b1a300c3be18d2a1a477e8f89a8f301b3c1373cb0e32d4  requirements/rocm.txt
4900e2b5b7716d1f362d82fcf5eec946c7a911f3f889a01573d15506fe732bd4  requirements/torch-cpu.txt
a319a4bd8df6c724f134c6b5504be934c8ce47ebfd8b356307e6ab0f5652812c  scripts/container_entrypoint.sh
44529533057de3846c14e95902f861260a6caaf27011742f825da23fde0f95a5  scripts/run_stage3b_qwake_scientific_campaign.py
dc72616b0b0fa88c5945eabce2b55bb1f55c386b7ea98b6081b1838f9f56efec  scripts/run_stage3b_qwake_scientific_campaign_host.py
99a15a1f681efaaff846df254eab58412a16fc8e1c7767d0ccd00b5e721b08f0  src/torch2pc_thesis/__init__.py
0cdac7a05ebb7dcba14d972361aaf2a36cbf3f11585a96354d83eb1e33e27135  src/torch2pc_thesis/__main__.py
98b734918465ebf4bd8a9b9b253a8f58dab5d78c3bd200f04c9a1a95e943c0c4  src/torch2pc_thesis/array_types.py
d97e514fabf826d0f4090b86ccfd0af936b2964c9043876052d1dd0d62df36b5  src/torch2pc_thesis/assets.py
47b14c958c2b77a871ed4756e675f0949a0a978dbfde9cdf8d80752e94d6d7c2  src/torch2pc_thesis/cli.py
d09d6b4fb858213cdbb31763a177f6c6c739a3face469ab26a0e183b7c84691b  src/torch2pc_thesis/config.py
df1376fb76c1931c3ec3eb345c5ae22fb5a475ccc03f2f1a8d997d32f44df774  src/torch2pc_thesis/controls.py
5ae13c1616ff95a313a3840021ed73b0d7044a7396f904e4376d6d2441eda095  src/torch2pc_thesis/cross_version.py
12c182011bb8f281d2dd53a58396ae09584b3c9a0d8866e1af9e134ee840b03d  src/torch2pc_thesis/data.py
85310ce917fa15ece861e998be57b3bfbb678e416e4aeea6160531e62b63963e  src/torch2pc_thesis/experiment.py
e6231cc857fddc5a349f6385580406c6ae3684ae3dd45c608c58b60746f348fa  src/torch2pc_thesis/layerwise.py
7476f10ad34e750323fcc11d459882f27ccb5750cf028a3e61c910d8c1340b8a  src/torch2pc_thesis/legacy_adapter.py
b904c43139aaf5ef505e60d9876965b1c54f239cfaa4de984b9f4dd1d53787d3  src/torch2pc_thesis/locality.py
a5b5baadb00f4a2beb05f6cf051af52d81324642d53cbe26292790b0763254e7  src/torch2pc_thesis/manifests.py
8ec06fad8fe905566ff965b3d4bdb58b7615434225dceedcec13ca8d871b08f4  src/torch2pc_thesis/metrics.py
aaa521269914fb8f3b37ffcfdfc17dd0dfcd292f71259d1d0ebf1bc15935e336  src/torch2pc_thesis/models.py
58536a2cb4f46c7597290c59c5fbbb9060df6e4907d7e0b687c7dc57511bded1  src/torch2pc_thesis/pc_methods.py
d868c3fe0feaa523c99b5cebd22210fd4f64e9df3633f519ff4d48ae79e844d9  src/torch2pc_thesis/pcinfer_instrumentation.py
f0226261d2ccf2bdfc9b173e2e8f2d79e652e867d5f8915de70bb9f09b2564d5  src/torch2pc_thesis/profiling.py
2b4ae30429406772c25d9faa14455ce37f9f6bd372f82a62c7feb74fb246bfda  src/torch2pc_thesis/registry.py
2324779c34c660d4e03880e2c40dba7dcf26c23687195cbfcce89137a9dfeede  src/torch2pc_thesis/reporting.py
d330b51fb2d6e67e88d707955e0bce67ddb837fb90a594f50b3bbf04a35ed160  src/torch2pc_thesis/representations.py
d1a91d82586f3866ac4a7feaf0917eeb782ddb2bb862269210b1143c2bb60e9d  src/torch2pc_thesis/reproducibility.py
e08dca4c54fa630140369f4c6ed9108948ee4c9137480f34c18731b70184780c  src/torch2pc_thesis/robustness.py
96786d30166fd5622c12d9b457db8336aed744a9c49d86704467d23a1385c119  src/torch2pc_thesis/stage3.py
62b0888618210834ea034224485fcb946650d72288d109aff90ef3c7686f960d  src/torch2pc_thesis/stage3_aggregation.py
0e4150fef7b597259e9afb2ac36de556783ef1f8fcbaaceb14de6d8d8ef8115e  src/torch2pc_thesis/stage3_analysis.py
8d826771cf1804d1519eb22d908b5eaed217837ea6e6eac94d56f18d94f0b981  src/torch2pc_thesis/stage3_depth_analysis.py
666c81b78e1b8d67021e369b776d795fe8971e26a216f4268578e845a4acf293  src/torch2pc_thesis/stage3_figures.py
1da6903b8d84a94d245053e7dcb8cb8ea560af4943dfe199e025a7f8a6e5eada  src/torch2pc_thesis/stage3_statistics.py
2928480588137c1f3299c7e9fb7e597518b0684d1504530b8cc4e722b2ce4d2d  src/torch2pc_thesis/stage3b_a1_controls.py
8c8162272b17d8a236ac80d7ee638270b3ec7a8cf1067cf318c580f60b9a01bd  src/torch2pc_thesis/stage3b_a1_eq_s2.py
d3ece2d9e14d6a47466669a2056a6ecbfc274616d97f3c4de8169c773034a554  src/torch2pc_thesis/stage3b_a1_mechanism_controls.py
344e2f3f6a47b79fd63c0fba7c47e703ed080ba43b7599559a7d4f9bdba41723  src/torch2pc_thesis/stage3b_a1_obs_ni0.py
cf9a7717d5ddecd83a58bb21d6d95a62dfd02879b67f8c250d1d0b263c3a245c  src/torch2pc_thesis/stage3b_a1_obs_oh0.py
dba2b54d6513b77753e3905a76c099377fe57e8b43aeefa774a4434646686ac5  src/torch2pc_thesis/stage3b_a1_obs_oh0_memory.py
36fb5e9ca0af0c79d282bb52cca894054de8f2f2f1cb4c619efbfe0f66daa511  src/torch2pc_thesis/stage3b_a1_observer.py
74778bdf3ec35c5e901e8c97f9eb63fff4c085e53041a1be48e7081f6fcf506b  src/torch2pc_thesis/stage3b_a1_shortcut.py
80eb66255652c253c9c7bee4dd2de35b792ea097c7b28a93824aeff355c1cf40  src/torch2pc_thesis/stage3b_authorization.py
c7ef2722fbb7a7523f80c81827d1f589f52083a37a60651d2a2cf5527fac9314  src/torch2pc_thesis/stage3b_b0_analysis.py
be40d7219cc80e24c8fa8abe05ae94342a027aa50eb7060c7973e42e381be9e8  src/torch2pc_thesis/stage3b_b0_figures.py
e8cb3d3e034a9f671510abdf61f1682bcac7358594bcafcd8e35017d868262a0  src/torch2pc_thesis/stage3b_b0_integration.py
bec929cdffb7471cac9d1529d0f695cb7244d67b99144016148993acf8bfec33  src/torch2pc_thesis/stage3b_b0_reporting.py
9d112503d58d10c32c927c8be0645cdddc0a1e20e57542020ccf4a609cc57f7b  src/torch2pc_thesis/stage3b_b1_confirmatory.py
d9bc2033f1fdd4e1dbabc560ab3a094cdb725a9aa6da061dd51962c7c6342730  src/torch2pc_thesis/stage3b_b1_confirmatory_authorization.py
61aa5505abef16d5758e599c1a57b6c8d7807081c701ad467e312fa1a17b0fdc  src/torch2pc_thesis/stage3b_b1_confirmatory_sealing.py
6c730b8bfb3279d6ae2939a98edd16601e8403b539f978d82d86ae5d4a0dc7a4  src/torch2pc_thesis/stage3b_b1_equivalence.py
95ef049d252585b5fa9dde70ea565bf9994645f51e384302914d3f4a229cc184  src/torch2pc_thesis/stage3b_b1_isolated_vjp.py
e166322be53e376eee39d11850ea19647190f8ef5e6a2cfa863c45ada1ed0ead  src/torch2pc_thesis/stage3b_b1_reference_trace.py
7c1a09d98d589d5bc6734f9f14dda9276e602ff894bef90ff97fe200f2ef5980  src/torch2pc_thesis/stage3b_b1_smoke.py
68563b2dbc805ddf7e2d181db7b48a2e7b52a59b588d8c287f4603a82e4ce5d5  src/torch2pc_thesis/stage3b_b2_composite_vjp.py
2d5b6dd70c4adead0e166860a7e53b06fd7c4d57b2ea317b9be5c044412fc7a2  src/torch2pc_thesis/stage3b_b2_confirmatory.py
6cbd133599f6b8b909881a9c54e0a46d4006221f2fdd0c2ee2a432c34be4db7f  src/torch2pc_thesis/stage3b_b2_confirmatory_authorization.py
992b1ce30bbf1ec8275a71e7d0b38dd3369aebe2ad5d51244cf953740d0e07bd  src/torch2pc_thesis/stage3b_b2_confirmatory_sealing.py
43056615261d0ce5d9b87c6730660f0cc920ab57a83ff4abf369265225adc561  src/torch2pc_thesis/stage3b_b2_smoke.py
7bc9a60bd5ae3cb5d975f17b73e2b98c9a15131989b59cc08d65641c6f51246f  src/torch2pc_thesis/stage3b_batch.py
811c7dcf8aba12614e8affe72570b6b86827d891ab56c55370f96026339f03d9  src/torch2pc_thesis/stage3b_candidate_instrumentation.py
0552371bed763dba0402a535be7466c5c7a7b4a0afd6c33920c6b8849a07a82c  src/torch2pc_thesis/stage3b_canonical.py
5d0ddbbe197f4959ea5b75f9652cb424cb8ebcfb5ea7296129fd8d86c7ce4ac5  src/torch2pc_thesis/stage3b_canonical_child.py
c199c68bfa604e0fab59123c08cb7c2aea5a0a09998a9b7a9ffacdc9c28e21cf  src/torch2pc_thesis/stage3b_execution.py
0e9f55fc337b7870923a087308f370afc54bdce97501ce462c1033062a322462  src/torch2pc_thesis/stage3b_matched_analysis.py
a45b85a89ac72c4dfcfa2bbc89c00b607c4e3a07714ad62b99828e4f80c09119  src/torch2pc_thesis/stage3b_matched_analysis_execution_request.py
015820be643c5b6949e41fa01e88fb177164dd38e8311fd704fd76946c823045  src/torch2pc_thesis/stage3b_matched_analysis_protocol.py
9e3e40a255701c23149d6a9b22a05fbb8acd78a874a1bdd2ab21fa3593685b94  src/torch2pc_thesis/stage3b_matched_analysis_runtime.py
dab81d9ab2689b86c0b0b96c2101b42c676c67a1c4a53985a2439d4ec3f25b2a  src/torch2pc_thesis/stage3b_matched_authorization.py
54b77d8a37efbd6177585f5ff5b54443d3f2e5946ef6318e71476f6a7beb5529  src/torch2pc_thesis/stage3b_matched_child.py
126b121e7dfd96a5ced66cbfdf3e65b5d50ad3d132dbccaf5f2e226455cbe8d5  src/torch2pc_thesis/stage3b_matched_execution.py
3e84851a1d053b1fb476eeab74df86671e72e6d81ae00b26ad551e611f990111  src/torch2pc_thesis/stage3b_matched_measurement.py
3bb1e0b19097111f7f993339f9e3c5a83398d07ccb2ef906c9e232e535604ee8  src/torch2pc_thesis/stage3b_matched_profiling.py
00bfc8556637d8612283e191869c567d0101adfac642457ab22de604072f5b17  src/torch2pc_thesis/stage3b_matched_publication.py
768a74c448cdccd1d0684a0b5e097c58491ef064996b8bdf1aebf74816f1cc5a  src/torch2pc_thesis/stage3b_matched_release.py
3e4807fbd2603501b307097d7e68acc99f559de8a2aa2296c39a58aa4aa6a1b2  src/torch2pc_thesis/stage3b_matched_runner.py
d7bc2c4e50f1c9b8c1665fded35e2a6d066f9b580c7a94cfa00d814f1c5c6692  src/torch2pc_thesis/stage3b_matched_sealing.py
4fb0ebe199454083ef9075584cc714961acf8eebe08964e863c04edb465f3f5c  src/torch2pc_thesis/stage3b_profiling.py
1018e434b8f54d287f5a114dee3d89610f0345fdc26a7fa2e773b8f6551b5311  src/torch2pc_thesis/stage3b_protocol_contract.py
dfa27b82bacbc3b1c68b260f555aa1c52bef8aaedc2731f7897d5ed523869ff5  src/torch2pc_thesis/stage3b_qwake_attempt_003_contract.py
5c9c4f12a3bfe18de259a127394f9c751b12f9e5275fa88e38e2ab58a592e20d  src/torch2pc_thesis/stage3b_qwake_attempt_003_execution_wrapper.py
19dfa0b73aeedd9e89bfaf7233a4ecdbbed591732618c660060d2ebe4508a990  src/torch2pc_thesis/stage3b_qwake_attempt_003_host_invocation_chain.py
134eec13d37667b2ca779f50a4c99a8f283b59b2fbfc36dedd765f5ce1c3c990  src/torch2pc_thesis/stage3b_qwake_attempt_003_host_invocation_command_materialization.py
c861f7e6a81b804de8326403b838728c9d619886d1c51eecc19c7f321c8c8902  src/torch2pc_thesis/stage3b_qwake_attempt_003_host_invocation_process_spawner.py
ea57441bd7683d29e0734cd570d4df65f297ffbbc6c4cd376711a7f660b3a335  src/torch2pc_thesis/stage3b_qwake_attempt_003_runtime_backend.py
1ea85208cc992839817dbe36133ea084424556dafa0d13e957b06dcef42209ae  src/torch2pc_thesis/stage3b_qwake_attempt_003_source_closure.py
c63a01671873e5f4484625542487cc7435cfa83574172ee584d6fb76b6b6e1d0  src/torch2pc_thesis/stage3b_qwake_attempt_004_contract.py
c5553bfb823db88624437b3e3e94a9b3f3f1972abe6d797d9e02d23dd7724b8a  src/torch2pc_thesis/stage3b_qwake_attempt_004_cpu_measurement_stabilization.py
f72d9c713f2c288f992930a512f2927de0d01702f629939d78874577d117ad2c  src/torch2pc_thesis/stage3b_qwake_attempt_004_execution_wrapper.py
0990522332267af55cab71af23b3559cfe6455ffd6ef1a53b5ce21fb8618059d  src/torch2pc_thesis/stage3b_qwake_attempt_004_runtime_backend.py
a96b1fe71a9c5897b2fd3b5bd29dd1fa6cb0087b0ce0ded2d606e01059a3a9f4  src/torch2pc_thesis/stage3b_qwake_attempt_005_contract.py
13aa818d3c2fd3f69fc1fdc54dd84a81ddb4dda12a71bfce16b9819c8ef5242a  src/torch2pc_thesis/stage3b_qwake_attempt_005_execution_wrapper.py
f05ded5cb969056f1e7bace6829d05f4c89d8722588f38208681d06ecf1b1695  src/torch2pc_thesis/stage3b_qwake_attempt_005_lane_isolation.py
5594a717369c8c9fde6cc32bfe24298b1cb1c24ff538fb3b69c116808d137bca  src/torch2pc_thesis/stage3b_qwake_attempt_005_runtime_backend.py
4d831e06952f101cc4e2c9092c4db678a4d7aa3cfdffc9c25c5a66f564fb7af2  src/torch2pc_thesis/stage3b_qwake_core.py
018cd18c89f794fbb01d029552ad26afe4649eb33f877b1cee9cdc940e617398  src/torch2pc_thesis/stage3b_qwake_fp_pipeline.py
d1b59c85b6f997464764ed0784376bd9f84fab555166846a54521b836bea3a8a  src/torch2pc_thesis/stage3b_qwake_fp_runtime.py
2de2874ac7112896bbe11b3ea1d49a0f4eb1e6e9fb2c072feec364eb610d6450  src/torch2pc_thesis/stage3b_qwake_fp_runtime_adapter.py
dc0aae1180bfac022a8d3810318b126949ce3c87fdb803eab1bc674e28dca0b1  src/torch2pc_thesis/stage3b_qwake_fp_runtime_torch.py
544b7b5fcdfb8bc35bf000097e9f7cef617d201f9a20f96d2dcd9ce73b9ca9ec  src/torch2pc_thesis/stage3b_qwake_fp_spec.py
41df658baeaaa9589d824e2fc4be7639e29e027aa667983d0093216737caaef5  src/torch2pc_thesis/stage3b_qwake_fp_validation.py
9ed9761e963a691a7d4010e27ac6ec71c388fbe5690dcd69ad3d2db4c6d62f91  src/torch2pc_thesis/stage3b_qwake_lc4_bounded.py
53264f77a5e72fa4933f0a68825c07dcde01b7e2d362de0cba1b4394113c436f  src/torch2pc_thesis/stage3b_qwake_lc4_engineering_invocation_admission.py
2769982c9f36108f1cb70b43ab7cee9eea5a63ac870f5fb1d4d938800ee837f5  src/torch2pc_thesis/stage3b_qwake_lc4_engineering_invocation_execution_authorization.py
f653468c77494205a6daf7af6ea3cd151260c9b9479b9a02f0a41949a0a5ab30  src/torch2pc_thesis/stage3b_qwake_lc4_engineering_invocation_operation.py
cae8721fb3278a3fbfeda8db366e864b75dd576fae90cfafe4c62301205dd2f6  src/torch2pc_thesis/stage3b_qwake_lc4_engineering_invocation_preexecution_verification.py
da08c66e78340c067e391a28f326f0d9bb7465d4a56073deac458a764ae6b30d  src/torch2pc_thesis/stage3b_qwake_lc4_engineering_invocation_runtime_operation.py
ede399a86b62ff5ad4bb5d68a7619a99c8a77f0af4d813dd60682f2daae13295  src/torch2pc_thesis/stage3b_qwake_lc4_engineering_invocation_runtime_operation_identity_repair.py
18a629558206574041262af955ffca5b8af62fbb2b79bce736f1b645b9b4bdd3  src/torch2pc_thesis/stage3b_qwake_lc4_execution_admission.py
91466f1f95edfe91684ddc166af2b234bc95c678b6f5b7e8ed0c5aa8dd2a70a4  src/torch2pc_thesis/stage3b_qwake_lc4_execution_freeze.py
34980a70d76b582d70333034b4a259b50bd948bb751888f17db9a988c2c77a9b  src/torch2pc_thesis/stage3b_qwake_lc4_execution_wrapper.py
43e114dfdb69fa54a993a98b2a487777c40168374e61c0949e5cf862d42f7d9f  src/torch2pc_thesis/stage3b_qwake_lc4_execution_wrapper_implementation.py
da8182fe6eb35a6d4030545ae895cc0820cb99f34db2b920813f5f4f8169708c  src/torch2pc_thesis/stage3b_qwake_lc4_final_engineering_invocation_admission.py
64e8a4c38c0fff200ef37ca4f4ad1a07d5eb157e535a2b1f7b253216a04b7431  src/torch2pc_thesis/stage3b_qwake_lc4_final_engineering_invocation_authorization.py
d00092482819b72b1d7339eca8c2b2ec3dc6971ba8707d059c6e894297263544  src/torch2pc_thesis/stage3b_qwake_lc4_final_engineering_invocation_authorization_consumption_attempt.py
ebc06e315b76da900c388e86551ae18fee07b707d4bc6d1c24fb513f440253ab  src/torch2pc_thesis/stage3b_qwake_lc4_final_engineering_invocation_authorization_consumption_attempt_atomic_transition.py
85184d6f893d3b1de46cd1299e76499144c354c6bd357fb92939b728732e9540  src/torch2pc_thesis/stage3b_qwake_lc4_final_engineering_invocation_authorization_consumption_attempt_atomic_transition_operation.py
8610ab93cf3628eb900545f5c101b67a4196a1f0d3d3c70902b047bacf1ca7f4  src/torch2pc_thesis/stage3b_qwake_lc4_final_execution_acknowledgement_authoring.py
d8331326d6df098cabe041e42f78b5aab6cfa38c243b52c1b20dcd040540c209  src/torch2pc_thesis/stage3b_qwake_lc4_final_execution_acknowledgement_issuance_authoring.py
6397bdef1d5510808e68bbd41017323ef7a4287d7a6f1a9fa3e9ff0c96e0baf3  src/torch2pc_thesis/stage3b_qwake_lc4_final_execution_acknowledgement_issuance_implementation.py
efb68eb2fb82b8af6b77203df77b7c449921a4266636caa11eb9b004bdeb6c19  src/torch2pc_thesis/stage3b_qwake_lc4_final_execution_acknowledgement_materialization.py
8da29b7347af2999a9300addbf4b7de02498bdef8a9b85197d1f471cc11d43ee  src/torch2pc_thesis/stage3b_qwake_lc4_final_execution_acknowledgement_materialization_authoring.py
6c2c3d2e3ae943b4a2cb4dd832ce4550b99b2ac23fcb58e5dbb973e864abac82  src/torch2pc_thesis/stage3b_qwake_lc4_final_execution_acknowledgement_materialization_invocation.py
792ad78dc71afd378e299ba0b91f9840c6271696e1a5509417e01ac899c2bccd  src/torch2pc_thesis/stage3b_qwake_lc4_final_execution_acknowledgement_materialization_invocation_authoring.py
4f4a1685e3b1f086d73982cc886bcc1b39af1a08ea4ec555afb793688c8d55eb  src/torch2pc_thesis/stage3b_qwake_lc4_final_execution_acknowledgement_materialization_invocation_operation_authoring.py
2482b457c5df6e6adb42722557e8b5d100285e9e40c52a53cd554887dcaabbb6  src/torch2pc_thesis/stage3b_qwake_lc4_final_execution_acknowledgement_materialization_invocation_operation_callsite_authoring.py
c38d4a908a6fa4146ff7010ddc7207cebd1e6bb0beca8215076a235d2c9b8f2a  src/torch2pc_thesis/stage3b_qwake_lc4_final_execution_acknowledgement_materialization_invocation_operation_callsite_execution_authoring.py
264b81689f5983f81d7b8555b4d35b7f890e151b48c731565e4edfe982a7af04  src/torch2pc_thesis/stage3b_qwake_lc4_final_execution_acknowledgement_materialization_invocation_operation_callsite_execution_authorization.py
4d6941ade858dc3b015aa6779b24f1ec5ff030d477a57e0e42939e1c67507a93  src/torch2pc_thesis/stage3b_qwake_lc4_final_execution_acknowledgement_materialization_invocation_operation_callsite_implementation.py
005f43ceb11ff90d3c4ec722d3525396fc32acfd4a51f5c4e546e185bbc027b0  src/torch2pc_thesis/stage3b_qwake_lc4_final_execution_acknowledgement_materialization_invocation_operation_implementation.py
0c6cc3769c5dd92690a556b16f50ce6fe29d9f4a007fa1f63e1b889a09974e72  src/torch2pc_thesis/stage3b_qwake_lc4_host_runtime_invoker.py
dc55bc711f6126eaf7fd231439a2149e991027a751e58d2c6d3450a9d5ae9b14  src/torch2pc_thesis/stage3b_qwake_lc4_host_runtime_invoker_implementation.py
8aad1ae1897777e67a8c910b2c55edeeb40956a115d0d225e38920e445f5be2e  src/torch2pc_thesis/stage3b_qwake_lc4_invocation_authorization.py
6bb8258874af90eeee320c8039ac7dc1b04c5867d86a72d3eb44b8bdb9114399  src/torch2pc_thesis/stage3b_qwake_lc4_invocation_wrapper.py
8f72b41538f3d66b5aaa88430a42406334ebb49ec39e462f16ae9117540426af  src/torch2pc_thesis/stage3b_qwake_lc4_invocation_wrapper_implementation.py
9b665d785caa6550191b90df9795abe1d3ee2b52e52536cfa3aaa12f56e574cd  src/torch2pc_thesis/stage3b_qwake_lc4_lease_bound_host_invoker_wiring.py
96bc321bdc101038671ca33a693fef553c5528e182512520596cce6e446f8d20  src/torch2pc_thesis/stage3b_qwake_lc4_persistent_evidence_chain_v2.py
04df58a67b4743717b80407c9ea931ef96dbcb1c143d5925dfbcf4bc9e8f5e11  src/torch2pc_thesis/stage3b_qwake_lc4_persistent_evidence_chain_v2_implementation.py
d9ad10efe959e19d7f1b6d61d8eddd1228cb9753fa9191823d5d1ded68e9fd72  src/torch2pc_thesis/stage3b_qwake_lc4_runtime_backend.py
003759e0eac5062e34b0ead1f24c1e1babb09f096023539ac3303a2af9957a7c  src/torch2pc_thesis/stage3b_qwake_lc4_runtime_freeze.py
926603148d84cfce7a29da722e98deaf68a982d6fee456b42483d5e8a2ad80d4  src/torch2pc_thesis/stage3b_qwake_scientific_campaign.py
b796c49418dfb2adc3b07693a33328875396df173511bc92105c4a5a41dadd34  src/torch2pc_thesis/stage3b_qwake_scientific_runtime.py
574fee20bf90bd2d849bc510a680bab6921a7e7406490961ad52b3e67249f25d  src/torch2pc_thesis/stage3b_sealing.py
79e347ff74d465af6e929505c2bbb403956fe8f455b430dcf884b767ca10eb09  src/torch2pc_thesis/stage3b_si_ma0.py
0892337699cd04fde64396dc108ca1626d4ec799b61867375f7e29b1778dcc92  src/torch2pc_thesis/stage3b_si_ma0_aggregation.py
67ba8cdcf4cfece0c592511ff23a8a72a8a7a18bd1cfadbc0e197a25eaca7482  src/torch2pc_thesis/stage3b_si_ma1.py
f0d34fc174ca0bbfff23f6899605ae3355e6604a2aba547f6cc788f8d071659a  src/torch2pc_thesis/stage3b_si_ma1_aggregation.py
cea8c5bb8eb2713bc25cd8fd5978fa397c881ff29e87e099f8b08b1a2fa5c129  src/torch2pc_thesis/stage3b_si_ma1_confirmatory.py
a9cf7206e51edb9b6336c40979efb024b805d564f9c9ff9e35592e8b760620e5  src/torch2pc_thesis/statistics.py
5402b95d13aa700c4564455e1a20baf25997b4b3233b4109b3db104a90bd6cc9  src/torch2pc_thesis/training.py
{"attempt002_created":false,"attempt_id":"stage3b-qwake-c1-host-identity-corrected-scientific-image-freeze-attempt-001","attempt_sha256":"sha256:659a8ebd875482980bdadfdb1fbc28955b1720745136d26cbbbee38ae6b982a9","authorization_sha256":"sha256:f342a1af92d89b8b7344f90163f4515d4e683b9889bc5088771bceffe3e75d77","automatic_retry_permitted":false,"base_image_id":"sha256:96a2fb24dec9896e2f8238178f0c49d0dcc4c7dcc597be09e4564316bd86d191","base_image_pull_performed":false,"base_image_repo_digest":"rocm/pytorch@sha256:96a2fb24dec9896e2f8238178f0c49d0dcc4c7dcc597be09e4564316bd86d191","docker_build_max_count":1,"host_identity_correction_sha256":"sha256:dd827f2ecb5fc983ad9d800961c34f61d443240651dc007526332fe6215d24aa","image_tag":"torch2pc-layerwise-thesis:0.1.0-c1hostfix-98cff5b2ecd6","new_c1_execution_authorization_issued":false,"new_c1_request_frozen":false,"operator_identity":"dzmitry-prychyna","post_merge_verification_log_sha256":"sha256:66da4f44aa1165b5ccd8df4b8e5c2d5b31216971d053bb95f39c9c4273a77d5d","previous_c1_request_freeze_sha256":"sha256:340f46bae2ca11e679893464f9f430ac93f1af49d39606b57638ba714e131bcc","previous_c1_request_reusable":false,"previous_scientific_image_digest":"sha256:89703b0b37b2729855835a6ed19ba1ca397ae14614c318344bd7625d12c727ef","publication_permitted":false,"runtime_source_manifest_sha256":"sha256:fbfd01ecd41cc1615acef9f0fc9b3dd390e9605ebadd9a5dc86d78a425e2ac7b","schema_version":1,"scientific_execution_open":false,"source_commit":"98cff5b2ecd64e1c96e19f0b04104ac00a5c3cf2","source_identity_sha256":"sha256:04bfe4b7145a485bc40dc8f38daf33beb895011dc622e6cb0f901ad575999bc7","source_overlay":false,"source_tree":"855889593a33bb6450e31cfc9feb152d14bd5292","started_at_utc":"2026-08-12T21:37:08Z","status":"materialization_started","test_dataset_access":false,"validation_docker_run_max_count":7}
#0 building with "default" instance using docker driver

#1 [internal] load build definition from Dockerfile.rocm
#1 transferring dockerfile: 1.75kB done
#1 DONE 0.0s

#2 [internal] load metadata for docker.io/rocm/pytorch@sha256:96a2fb24dec9896e2f8238178f0c49d0dcc4c7dcc597be09e4564316bd86d191
#2 DONE 1.1s

#3 [internal] load .dockerignore
#3 transferring context: 1.16kB done
#3 DONE 0.0s

#4 [ 1/10] FROM docker.io/rocm/pytorch@sha256:96a2fb24dec9896e2f8238178f0c49d0dcc4c7dcc597be09e4564316bd86d191
#4 resolve docker.io/rocm/pytorch@sha256:96a2fb24dec9896e2f8238178f0c49d0dcc4c7dcc597be09e4564316bd86d191 0.0s done
#4 CACHED

#5 [internal] load build context
#5 transferring context: 320.93MB 1.3s done
#5 DONE 1.3s

#6 [ 2/10] RUN apt-get update     && apt-get install -y --no-install-recommends        ca-certificates curl git jq make numactl pciutils procps tini     && rm -rf /var/lib/apt/lists/*
#6 0.790 Get:1 https://repo.radeon.com/amdgpu/30.30.1/ubuntu noble InRelease [3185 B]
#6 0.807 Get:2 https://repo.radeon.com/rocm/apt/7.2.1 noble InRelease [2605 B]
#6 0.841 Get:3 https://repo.radeon.com/graphics/7.2.1/ubuntu noble InRelease [3194 B]
#6 1.046 Get:4 http://security.ubuntu.com/ubuntu noble-security InRelease [126 kB]
#6 1.112 Get:5 http://archive.ubuntu.com/ubuntu noble InRelease [256 kB]
#6 1.416 Get:6 https://repo.radeon.com/amdgpu/30.30.1/ubuntu noble/main i386 Packages [1333 B]
#6 1.601 Get:7 https://ppa.launchpadcontent.net/deadsnakes/ppa/ubuntu noble InRelease [17.8 kB]
#6 1.990 Get:8 https://repo.radeon.com/amdgpu/30.30.1/ubuntu noble/main amd64 Packages [1333 B]
#6 2.054 Get:9 https://ppa.launchpadcontent.net/deadsnakes/ppa/ubuntu noble/main amd64 Packages [45.7 kB]
#6 2.130 Get:10 http://security.ubuntu.com/ubuntu noble-security/main amd64 Packages [1149 kB]
#6 2.459 Get:11 http://archive.ubuntu.com/ubuntu noble-updates InRelease [126 kB]
#6 2.637 Get:12 https://repo.radeon.com/rocm/apt/7.2.1 noble/main amd64 Packages [61.3 kB]
#6 2.801 Get:13 http://archive.ubuntu.com/ubuntu noble-backports InRelease [126 kB]
#6 3.178 Get:14 http://security.ubuntu.com/ubuntu noble-security/main amd64 Components [59.3 kB]
#6 3.178 Get:15 http://security.ubuntu.com/ubuntu noble-security/universe amd64 Packages [1523 kB]
#6 3.180 Get:16 http://archive.ubuntu.com/ubuntu noble/main amd64 Packages [1808 kB]
#6 3.221 Get:17 https://repo.radeon.com/graphics/7.2.1/ubuntu noble/main amd64 Packages [10.3 kB]
#6 3.465 Get:18 http://security.ubuntu.com/ubuntu noble-security/universe amd64 Components [97.4 kB]
#6 3.476 Get:19 http://security.ubuntu.com/ubuntu noble-security/restricted amd64 Packages [1644 kB]
#6 3.709 Get:20 https://repo.radeon.com/graphics/7.2.1/ubuntu noble/main i386 Packages [8845 B]
#6 3.959 Get:21 http://security.ubuntu.com/ubuntu noble-security/restricted amd64 Components [157 B]
#6 3.959 Get:22 http://security.ubuntu.com/ubuntu noble-security/multiverse amd64 Packages [50.0 kB]
#6 3.959 Get:23 http://security.ubuntu.com/ubuntu noble-security/multiverse amd64 Components [158 B]
#6 4.231 Get:24 http://archive.ubuntu.com/ubuntu noble/main amd64 Components [665 kB]
#6 4.338 Get:25 http://archive.ubuntu.com/ubuntu noble/universe amd64 Packages [19.3 MB]
#6 7.284 Get:26 http://archive.ubuntu.com/ubuntu noble/universe amd64 Components [5943 kB]
#6 8.231 Get:27 http://archive.ubuntu.com/ubuntu noble/restricted amd64 Packages [117 kB]
#6 8.249 Get:28 http://archive.ubuntu.com/ubuntu noble/multiverse amd64 Packages [331 kB]
#6 8.304 Get:29 http://archive.ubuntu.com/ubuntu noble/multiverse amd64 Components [41.9 kB]
#6 8.310 Get:30 http://archive.ubuntu.com/ubuntu noble-updates/main amd64 Packages [1478 kB]
#6 8.551 Get:31 http://archive.ubuntu.com/ubuntu noble-updates/main amd64 Components [242 kB]
#6 8.590 Get:32 http://archive.ubuntu.com/ubuntu noble-updates/universe amd64 Packages [2141 kB]
#6 8.939 Get:33 http://archive.ubuntu.com/ubuntu noble-updates/universe amd64 Components [534 kB]
#6 9.026 Get:34 http://archive.ubuntu.com/ubuntu noble-updates/restricted amd64 Packages [1768 kB]
#6 9.314 Get:35 http://archive.ubuntu.com/ubuntu noble-updates/restricted amd64 Components [159 B]
#6 9.314 Get:36 http://archive.ubuntu.com/ubuntu noble-updates/multiverse amd64 Packages [55.8 kB]
#6 9.323 Get:37 http://archive.ubuntu.com/ubuntu noble-updates/multiverse amd64 Components [887 B]
#6 9.323 Get:38 http://archive.ubuntu.com/ubuntu noble-backports/main amd64 Packages [48.9 kB]
#6 9.331 Get:39 http://archive.ubuntu.com/ubuntu noble-backports/main amd64 Components [6367 B]
#6 9.332 Get:40 http://archive.ubuntu.com/ubuntu noble-backports/universe amd64 Packages [35.9 kB]
#6 9.338 Get:41 http://archive.ubuntu.com/ubuntu noble-backports/universe amd64 Components [13.6 kB]
#6 9.341 Get:42 http://archive.ubuntu.com/ubuntu noble-backports/restricted amd64 Components [160 B]
#6 9.524 Get:43 http://archive.ubuntu.com/ubuntu noble-backports/multiverse amd64 Packages [671 B]
#6 10.04 Get:44 http://archive.ubuntu.com/ubuntu noble-backports/multiverse amd64 Components [161 B]
#6 21.68 Fetched 39.9 MB in 20s (1992 kB/s)
#6 21.68 Reading package lists...
#6 22.48 Reading package lists...
#6 23.27 Building dependency tree...
#6 23.39 Reading state information...
#6 23.60 git is already the newest version (1:2.43.0-1ubuntu7.3).
#6 23.60 make is already the newest version (4.3-4.1build2).
#6 23.60 make set to manually installed.
#6 23.60 pciutils is already the newest version (1:3.10.0-2build1).
#6 23.60 pciutils set to manually installed.
#6 23.60 procps is already the newest version (2:4.0.4-4ubuntu3.2).
#6 23.60 The following NEW packages will be installed:
#6 23.60   jq libjq1 libonig5 numactl tini
#6 23.60 The following packages will be upgraded:
#6 23.60   ca-certificates curl libcurl3t64-gnutls libcurl4t64
#6 24.17 4 upgraded, 5 newly installed, 0 to remove and 146 not upgraded.
#6 24.17 Need to get 1737 kB of archives.
#6 24.17 After this operation, 2056 kB of additional disk space will be used.
#6 24.17 Get:1 http://archive.ubuntu.com/ubuntu noble-updates/main amd64 ca-certificates all 20260601~24.04.1 [139 kB]
#6 25.40 Get:2 http://archive.ubuntu.com/ubuntu noble-updates/main amd64 numactl amd64 2.0.18-1ubuntu0.24.04.1 [39.1 kB]
#6 25.43 Get:3 http://archive.ubuntu.com/ubuntu noble-updates/main amd64 curl amd64 8.5.0-2ubuntu10.11 [226 kB]
#6 25.81 Get:4 http://archive.ubuntu.com/ubuntu noble-updates/main amd64 libcurl4t64 amd64 8.5.0-2ubuntu10.11 [342 kB]
#6 26.04 Get:5 http://archive.ubuntu.com/ubuntu noble/main amd64 libonig5 amd64 6.9.9-1build1 [172 kB]
#6 26.12 Get:6 http://archive.ubuntu.com/ubuntu noble-updates/main amd64 libjq1 amd64 1.7.1-3ubuntu0.24.04.2 [142 kB]
#6 26.17 Get:7 http://archive.ubuntu.com/ubuntu noble-updates/main amd64 jq amd64 1.7.1-3ubuntu0.24.04.2 [65.7 kB]
#6 26.19 Get:8 http://archive.ubuntu.com/ubuntu noble-updates/main amd64 libcurl3t64-gnutls amd64 8.5.0-2ubuntu10.11 [334 kB]
#6 26.28 Get:9 http://archive.ubuntu.com/ubuntu noble/universe amd64 tini amd64 0.19.0-1 [276 kB]
#6 26.55 debconf: delaying package configuration, since apt-utils is not installed
#6 26.59 Fetched 1737 kB in 3s (636 kB/s)
#6 26.62 (Reading database ... (Reading database ... 5%(Reading database ... 10%(Reading database ... 15%(Reading database ... 20%(Reading database ... 25%(Reading database ... 30%(Reading database ... 35%(Reading database ... 40%(Reading database ... 45%(Reading database ... 50%(Reading database ... 55%(Reading database ... 60%(Reading database ... 65%(Reading database ... 70%(Reading database ... 75%(Reading database ... 80%(Reading database ... 85%(Reading database ... 90%(Reading database ... 95%(Reading database ... 100%(Reading database ... 95170 files and directories currently installed.)
#6 26.74 Preparing to unpack .../0-ca-certificates_20260601~24.04.1_all.deb ...
#6 26.74 Unpacking ca-certificates (20260601~24.04.1) over (20240203) ...
#6 26.92 Selecting previously unselected package numactl.
#6 26.93 Preparing to unpack .../1-numactl_2.0.18-1ubuntu0.24.04.1_amd64.deb ...
#6 26.93 Unpacking numactl (2.0.18-1ubuntu0.24.04.1) ...
#6 26.96 Preparing to unpack .../2-curl_8.5.0-2ubuntu10.11_amd64.deb ...
#6 26.97 Unpacking curl (8.5.0-2ubuntu10.11) over (8.5.0-2ubuntu10.8) ...
#6 27.01 Preparing to unpack .../3-libcurl4t64_8.5.0-2ubuntu10.11_amd64.deb ...
#6 27.02 Unpacking libcurl4t64:amd64 (8.5.0-2ubuntu10.11) over (8.5.0-2ubuntu10.8) ...
#6 27.05 Selecting previously unselected package libonig5:amd64.
#6 27.06 Preparing to unpack .../4-libonig5_6.9.9-1build1_amd64.deb ...
#6 27.06 Unpacking libonig5:amd64 (6.9.9-1build1) ...
#6 27.09 Selecting previously unselected package libjq1:amd64.
#6 27.10 Preparing to unpack .../5-libjq1_1.7.1-3ubuntu0.24.04.2_amd64.deb ...
#6 27.10 Unpacking libjq1:amd64 (1.7.1-3ubuntu0.24.04.2) ...
#6 27.12 Selecting previously unselected package jq.
#6 27.13 Preparing to unpack .../6-jq_1.7.1-3ubuntu0.24.04.2_amd64.deb ...
#6 27.13 Unpacking jq (1.7.1-3ubuntu0.24.04.2) ...
#6 27.17 Preparing to unpack .../7-libcurl3t64-gnutls_8.5.0-2ubuntu10.11_amd64.deb ...
#6 27.17 Unpacking libcurl3t64-gnutls:amd64 (8.5.0-2ubuntu10.11) over (8.5.0-2ubuntu10.8) ...
#6 27.21 Selecting previously unselected package tini.
#6 27.21 Preparing to unpack .../8-tini_0.19.0-1_amd64.deb ...
#6 27.21 Unpacking tini (0.19.0-1) ...
#6 27.28 Setting up numactl (2.0.18-1ubuntu0.24.04.1) ...
#6 27.28 Setting up libcurl4t64:amd64 (8.5.0-2ubuntu10.11) ...
#6 27.29 Setting up libcurl3t64-gnutls:amd64 (8.5.0-2ubuntu10.11) ...
#6 27.30 Setting up ca-certificates (20260601~24.04.1) ...
#6 28.62 Updating certificates in /etc/ssl/certs...
#6 29.35 rehash: warning: skipping ca-certificates.crt,it does not contain exactly one certificate or CRL
#6 29.35 14 added, 39 removed; done.
#6 29.37 Setting up tini (0.19.0-1) ...
#6 29.38 Setting up curl (8.5.0-2ubuntu10.11) ...
#6 29.38 Setting up libonig5:amd64 (6.9.9-1build1) ...
#6 29.39 Setting up libjq1:amd64 (1.7.1-3ubuntu0.24.04.2) ...
#6 29.39 Setting up jq (1.7.1-3ubuntu0.24.04.2) ...
#6 29.40 Processing triggers for libc-bin (2.39-0ubuntu8.7) ...
#6 29.73 Processing triggers for ca-certificates (20260601~24.04.1) ...
#6 29.74 Updating certificates in /etc/ssl/certs...
#6 30.18 0 added, 0 removed; done.
#6 30.18 Running hooks in /etc/ca-certificates/update.d...
#6 30.18 done.
#6 DONE 30.3s

#7 [ 3/10] WORKDIR /workspace
#7 DONE 0.0s

#8 [ 4/10] COPY pyproject.toml README.md LICENSE /workspace/
#8 DONE 0.0s

#9 [ 5/10] COPY src /workspace/src
#9 DONE 0.1s

#10 [ 6/10] COPY requirements /workspace/requirements
#10 DONE 0.0s

#11 [ 7/10] RUN python -m pip install --no-cache-dir "pip==25.1.1"     && python -m pip install --no-cache-dir -r requirements/rocm.txt     && python -m pip check
#11 0.677 Collecting pip==25.1.1
#11 0.778   Downloading pip-25.1.1-py3-none-any.whl.metadata (3.6 kB)
#11 0.797 Downloading pip-25.1.1-py3-none-any.whl (1.8 MB)
#11 1.009    ━━━━━━━━━━━━━━━━━━━━━━━━━━━━━━━━━━━━━━━━ 1.8/1.8 MB 10.9 MB/s  0:00:00
#11 1.087 Installing collected packages: pip
#11 1.087   Attempting uninstall: pip
#11 1.089     Found existing installation: pip 26.0.1
#11 1.134     Uninstalling pip-26.0.1:
#11 1.421       Successfully uninstalled pip-26.0.1
#11 2.362 Successfully installed pip-25.1.1
#11 2.504 
#11 2.504 [notice] A new release of pip is available: 25.1.1 -> 26.2.1
#11 2.504 [notice] To update, run: pip install --upgrade pip
#11 2.892 Obtaining file:///workspace
#11 2.894   Installing build dependencies: started
#11 3.985   Installing build dependencies: finished with status 'done'
#11 3.986   Checking if build backend supports build_editable: started
#11 4.028   Checking if build backend supports build_editable: finished with status 'done'
#11 4.029   Getting requirements to build editable: started
#11 4.180   Getting requirements to build editable: finished with status 'done'
#11 4.181   Installing backend dependencies: started
#11 4.820   Installing backend dependencies: finished with status 'done'
#11 4.821   Preparing editable metadata (pyproject.toml): started
#11 4.990   Preparing editable metadata (pyproject.toml): finished with status 'done'
#11 5.078 Collecting nbclient<1,>=0.10 (from torch2pc-layerwise-thesis==0.1.0)
#11 5.148   Downloading nbclient-0.10.2-py3-none-any.whl.metadata (8.3 kB)
#11 5.177 Collecting nbformat<6,>=5.10 (from torch2pc-layerwise-thesis==0.1.0)
#11 5.192   Downloading nbformat-5.10.4-py3-none-any.whl.metadata (3.6 kB)
#11 5.500 Collecting numpy<3,>=2.1 (from torch2pc-layerwise-thesis==0.1.0)
#11 5.517   Downloading numpy-2.2.6-cp312-cp312-manylinux_2_17_x86_64.manylinux2014_x86_64.whl.metadata (62 kB)
#11 5.574 Collecting openpyxl<4,>=3.1 (from torch2pc-layerwise-thesis==0.1.0)
#11 5.587   Downloading openpyxl-3.1.5-py2.py3-none-any.whl.metadata (2.5 kB)
#11 5.741 Collecting pandas<3,>=2.2 (from torch2pc-layerwise-thesis==0.1.0)
#11 5.757   Downloading pandas-2.3.1-cp312-cp312-manylinux_2_17_x86_64.manylinux2014_x86_64.whl.metadata (91 kB)
#11 5.898 Collecting psutil<8,>=6 (from torch2pc-layerwise-thesis==0.1.0)
#11 5.911   Downloading psutil-7.0.0-cp36-abi3-manylinux_2_12_x86_64.manylinux2010_x86_64.manylinux_2_17_x86_64.manylinux2014_x86_64.whl.metadata (22 kB)
#11 5.921 Requirement already satisfied: pyyaml<7,>=6.0 in /opt/venv/lib/python3.12/site-packages (from torch2pc-layerwise-thesis==0.1.0) (6.0.3)
#11 6.031 Collecting scikit-learn<2,>=1.6 (from torch2pc-layerwise-thesis==0.1.0)
#11 6.046   Downloading scikit_learn-1.7.1-cp312-cp312-manylinux2014_x86_64.manylinux_2_17_x86_64.whl.metadata (11 kB)
#11 6.221 Collecting scipy<2,>=1.14 (from torch2pc-layerwise-thesis==0.1.0)
#11 6.238   Downloading scipy-1.16.0-cp312-cp312-manylinux2014_x86_64.manylinux_2_17_x86_64.whl.metadata (61 kB)
#11 6.296 Collecting ipykernel<7,>=6.29 (from torch2pc-layerwise-thesis==0.1.0)
#11 6.310   Downloading ipykernel-6.29.5-py3-none-any.whl.metadata (6.3 kB)
#11 6.445 Collecting jupyterlab<5,>=4.3 (from torch2pc-layerwise-thesis==0.1.0)
#11 6.582   Downloading jupyterlab-4.4.4-py3-none-any.whl.metadata (16 kB)
#11 6.771 Collecting matplotlib<4,>=3.9 (from torch2pc-layerwise-thesis==0.1.0)
#11 6.784   Downloading matplotlib-3.11.1-cp312-cp312-manylinux2014_x86_64.manylinux_2_17_x86_64.whl.metadata (80 kB)
#11 7.306 Collecting mkdocs-material<10,>=9.6 (from torch2pc-layerwise-thesis==0.1.0)
#11 7.319   Downloading mkdocs_material-9.6.15-py3-none-any.whl.metadata (19 kB)
#11 7.513 Collecting mkdocs<2,>=1.6 (from torch2pc-layerwise-thesis==0.1.0)
#11 7.529   Downloading mkdocs-1.6.1-py3-none-any.whl.metadata (6.0 kB)
#11 7.701 Collecting mypy<3,>=1.14 (from torch2pc-layerwise-thesis==0.1.0)
#11 7.713   Downloading mypy-2.3.0-cp312-cp312-manylinux2014_x86_64.manylinux_2_17_x86_64.manylinux_2_28_x86_64.whl.metadata (2.4 kB)
#11 7.738 Collecting pytest-cov<7,>=6 (from torch2pc-layerwise-thesis==0.1.0)
#11 7.755   Downloading pytest_cov-6.2.1-py3-none-any.whl.metadata (30 kB)
#11 7.802 Collecting pytest<9,>=8.3 (from torch2pc-layerwise-thesis==0.1.0)
#11 7.816   Downloading pytest-8.4.1-py3-none-any.whl.metadata (7.7 kB)
#11 8.307 Collecting ruff<1,>=0.9 (from torch2pc-layerwise-thesis==0.1.0)
#11 8.324   Downloading ruff-0.12.2-py3-none-manylinux_2_17_x86_64.manylinux2014_x86_64.whl.metadata (25 kB)
#11 8.355 Collecting types-pyyaml<7,>=6.0 (from torch2pc-layerwise-thesis==0.1.0)
#11 8.369   Downloading types_pyyaml-6.0.12.20260724-py3-none-any.whl.metadata (1.7 kB)
#11 8.386 Collecting comm>=0.1.1 (from ipykernel<7,>=6.29->torch2pc-layerwise-thesis==0.1.0)
#11 8.398   Downloading comm-0.2.3-py3-none-any.whl.metadata (3.7 kB)
#11 8.517 Collecting debugpy>=1.6.5 (from ipykernel<7,>=6.29->torch2pc-layerwise-thesis==0.1.0)
#11 8.531   Downloading debugpy-1.8.21-cp312-cp312-manylinux_2_34_x86_64.whl.metadata (1.4 kB)
#11 8.585 Collecting ipython>=7.23.1 (from ipykernel<7,>=6.29->torch2pc-layerwise-thesis==0.1.0)
#11 8.600   Downloading ipython-9.16.1-py3-none-any.whl.metadata (4.6 kB)
#11 8.640 Collecting jupyter-client>=6.1.12 (from ipykernel<7,>=6.29->torch2pc-layerwise-thesis==0.1.0)
#11 8.653   Downloading jupyter_client-8.9.1-py3-none-any.whl.metadata (8.5 kB)
#11 8.683 Collecting jupyter-core!=5.0.*,>=4.12 (from ipykernel<7,>=6.29->torch2pc-layerwise-thesis==0.1.0)
#11 8.696   Downloading jupyter_core-5.9.1-py3-none-any.whl.metadata (1.5 kB)
#11 8.714 Collecting matplotlib-inline>=0.1 (from ipykernel<7,>=6.29->torch2pc-layerwise-thesis==0.1.0)
#11 8.726   Downloading matplotlib_inline-0.2.2-py3-none-any.whl.metadata (2.4 kB)
#11 8.748 Collecting nest-asyncio (from ipykernel<7,>=6.29->torch2pc-layerwise-thesis==0.1.0)
#11 8.764   Downloading nest_asyncio-1.6.0-py3-none-any.whl.metadata (2.8 kB)
#11 8.766 Requirement already satisfied: packaging in /opt/venv/lib/python3.12/site-packages (from ipykernel<7,>=6.29->torch2pc-layerwise-thesis==0.1.0) (26.0)
#11 9.049 Collecting pyzmq>=24 (from ipykernel<7,>=6.29->torch2pc-layerwise-thesis==0.1.0)
#11 9.065   Downloading pyzmq-27.1.0-cp312-abi3-manylinux_2_26_x86_64.manylinux_2_28_x86_64.whl.metadata (6.0 kB)
#11 9.144 Collecting tornado>=6.1 (from ipykernel<7,>=6.29->torch2pc-layerwise-thesis==0.1.0)
#11 9.156   Downloading tornado-6.5.8-cp39-abi3-manylinux1_x86_64.manylinux_2_28_x86_64.manylinux_2_5_x86_64.whl.metadata (2.8 kB)
#11 9.183 Collecting traitlets>=5.4.0 (from ipykernel<7,>=6.29->torch2pc-layerwise-thesis==0.1.0)
#11 9.196   Downloading traitlets-5.16.1-py3-none-any.whl.metadata (10 kB)
#11 9.218 Collecting async-lru>=1.0.0 (from jupyterlab<5,>=4.3->torch2pc-layerwise-thesis==0.1.0)
#11 9.230   Downloading async_lru-2.3.0-py3-none-any.whl.metadata (7.6 kB)
#11 9.258 Collecting httpx>=0.25.0 (from jupyterlab<5,>=4.3->torch2pc-layerwise-thesis==0.1.0)
#11 9.272   Downloading httpx-0.28.1-py3-none-any.whl.metadata (7.1 kB)
#11 9.285 Requirement already satisfied: jinja2>=3.0.3 in /opt/venv/lib/python3.12/site-packages (from jupyterlab<5,>=4.3->torch2pc-layerwise-thesis==0.1.0) (3.1.6)
#11 9.303 Collecting jupyter-lsp>=2.0.0 (from jupyterlab<5,>=4.3->torch2pc-layerwise-thesis==0.1.0)
#11 9.317   Downloading jupyter_lsp-2.3.1-py3-none-any.whl.metadata (1.8 kB)
#11 9.360 Collecting jupyter-server<3,>=2.4.0 (from jupyterlab<5,>=4.3->torch2pc-layerwise-thesis==0.1.0)
#11 9.374   Downloading jupyter_server-2.20.0-py3-none-any.whl.metadata (8.5 kB)
#11 9.410 Collecting jupyterlab-server<3,>=2.27.1 (from jupyterlab<5,>=4.3->torch2pc-layerwise-thesis==0.1.0)
#11 9.423   Downloading jupyterlab_server-2.28.0-py3-none-any.whl.metadata (5.9 kB)
#11 9.443 Collecting notebook-shim>=0.2 (from jupyterlab<5,>=4.3->torch2pc-layerwise-thesis==0.1.0)
#11 9.456   Downloading notebook_shim-0.2.4-py3-none-any.whl.metadata (4.0 kB)
#11 9.458 Requirement already satisfied: setuptools>=41.1.0 in /opt/venv/lib/python3.12/site-packages (from jupyterlab<5,>=4.3->torch2pc-layerwise-thesis==0.1.0) (82.0.1)
#11 9.491 Collecting anyio>=3.1.0 (from jupyter-server<3,>=2.4.0->jupyterlab<5,>=4.3->torch2pc-layerwise-thesis==0.1.0)
#11 9.505   Downloading anyio-4.14.2-py3-none-any.whl.metadata (4.6 kB)
#11 9.537 Collecting argon2-cffi>=21.1 (from jupyter-server<3,>=2.4.0->jupyterlab<5,>=4.3->torch2pc-layerwise-thesis==0.1.0)
#11 9.553   Downloading argon2_cffi-25.1.0-py3-none-any.whl.metadata (4.1 kB)
#11 9.583 Collecting jupyter-events>=0.11.0 (from jupyter-server<3,>=2.4.0->jupyterlab<5,>=4.3->torch2pc-layerwise-thesis==0.1.0)
#11 9.600   Downloading jupyter_events-0.12.1-py3-none-any.whl.metadata (5.8 kB)
#11 9.621 Collecting jupyter-server-terminals>=0.4.4 (from jupyter-server<3,>=2.4.0->jupyterlab<5,>=4.3->torch2pc-layerwise-thesis==0.1.0)
#11 9.633   Downloading jupyter_server_terminals-0.5.4-py3-none-any.whl.metadata (5.9 kB)
#11 9.675 Collecting nbconvert>=6.4.4 (from jupyter-server<3,>=2.4.0->jupyterlab<5,>=4.3->torch2pc-layerwise-thesis==0.1.0)
#11 9.688   Downloading nbconvert-7.17.1-py3-none-any.whl.metadata (8.4 kB)
#11 9.723 Collecting prometheus-client>=0.9 (from jupyter-server<3,>=2.4.0->jupyterlab<5,>=4.3->torch2pc-layerwise-thesis==0.1.0)
#11 9.737   Downloading prometheus_client-0.26.0-py3-none-any.whl.metadata (2.1 kB)
#11 9.757 Collecting send2trash>=1.8.2 (from jupyter-server<3,>=2.4.0->jupyterlab<5,>=4.3->torch2pc-layerwise-thesis==0.1.0)
#11 9.771   Downloading send2trash-2.1.0-py3-none-any.whl.metadata (4.1 kB)
#11 9.792 Collecting terminado>=0.8.3 (from jupyter-server<3,>=2.4.0->jupyterlab<5,>=4.3->torch2pc-layerwise-thesis==0.1.0)
#11 9.805   Downloading terminado-0.18.1-py3-none-any.whl.metadata (5.8 kB)
#11 9.836 Collecting websocket-client>=1.7 (from jupyter-server<3,>=2.4.0->jupyterlab<5,>=4.3->torch2pc-layerwise-thesis==0.1.0)
#11 9.850   Downloading websocket_client-1.9.0-py3-none-any.whl.metadata (8.3 kB)
#11 9.874 Collecting babel>=2.10 (from jupyterlab-server<3,>=2.27.1->jupyterlab<5,>=4.3->torch2pc-layerwise-thesis==0.1.0)
#11 9.887   Downloading babel-2.18.0-py3-none-any.whl.metadata (2.2 kB)
#11 9.914 Collecting json5>=0.9.0 (from jupyterlab-server<3,>=2.27.1->jupyterlab<5,>=4.3->torch2pc-layerwise-thesis==0.1.0)
#11 9.925   Downloading json5-0.15.0-py3-none-any.whl.metadata (37 kB)
#11 9.969 Collecting jsonschema>=4.18.0 (from jupyterlab-server<3,>=2.27.1->jupyterlab<5,>=4.3->torch2pc-layerwise-thesis==0.1.0)
#11 9.983   Downloading jsonschema-4.26.0-py3-none-any.whl.metadata (7.6 kB)
#11 10.05 Collecting requests>=2.31 (from jupyterlab-server<3,>=2.27.1->jupyterlab<5,>=4.3->torch2pc-layerwise-thesis==0.1.0)
#11 10.06   Downloading requests-2.34.2-py3-none-any.whl.metadata (4.8 kB)
#11 10.06 Requirement already satisfied: contourpy>=1.0.1 in /opt/venv/lib/python3.12/site-packages (from matplotlib<4,>=3.9->torch2pc-layerwise-thesis==0.1.0) (1.3.3)
#11 10.06 Requirement already satisfied: cycler>=0.10 in /opt/venv/lib/python3.12/site-packages (from matplotlib<4,>=3.9->torch2pc-layerwise-thesis==0.1.0) (0.12.1)
#11 10.06 Requirement already satisfied: fonttools>=4.28.2 in /opt/venv/lib/python3.12/site-packages (from matplotlib<4,>=3.9->torch2pc-layerwise-thesis==0.1.0) (4.62.1)
#11 10.06 Requirement already satisfied: kiwisolver>=1.3.1 in /opt/venv/lib/python3.12/site-packages (from matplotlib<4,>=3.9->torch2pc-layerwise-thesis==0.1.0) (1.5.0)
#11 10.07 Requirement already satisfied: pillow>=9 in /opt/venv/lib/python3.12/site-packages (from matplotlib<4,>=3.9->torch2pc-layerwise-thesis==0.1.0) (12.1.1)
#11 10.07 Requirement already satisfied: pyparsing>=3 in /opt/venv/lib/python3.12/site-packages (from matplotlib<4,>=3.9->torch2pc-layerwise-thesis==0.1.0) (3.3.2)
#11 10.07 Requirement already satisfied: python-dateutil>=2.7 in /opt/venv/lib/python3.12/site-packages (from matplotlib<4,>=3.9->torch2pc-layerwise-thesis==0.1.0) (2.9.0.post0)
#11 10.10 Collecting click>=7.0 (from mkdocs<2,>=1.6->torch2pc-layerwise-thesis==0.1.0)
#11 10.11   Downloading click-8.4.2-py3-none-any.whl.metadata (2.6 kB)
#11 10.24 Collecting ghp-import>=1.0 (from mkdocs<2,>=1.6->torch2pc-layerwise-thesis==0.1.0)
#11 10.26   Downloading ghp_import-2.1.0-py3-none-any.whl.metadata (7.2 kB)
#11 10.28 Collecting markdown>=3.3.6 (from mkdocs<2,>=1.6->torch2pc-layerwise-thesis==0.1.0)
#11 10.30   Downloading markdown-3.10.3-py3-none-any.whl.metadata (5.1 kB)
#11 10.30 Requirement already satisfied: markupsafe>=2.0.1 in /opt/venv/lib/python3.12/site-packages (from mkdocs<2,>=1.6->torch2pc-layerwise-thesis==0.1.0) (3.0.3)
#11 10.48 Collecting mergedeep>=1.3.4 (from mkdocs<2,>=1.6->torch2pc-layerwise-thesis==0.1.0)
#11 10.49   Downloading mergedeep-1.3.4-py3-none-any.whl.metadata (4.3 kB)
#11 10.64 Collecting mkdocs-get-deps>=0.2.0 (from mkdocs<2,>=1.6->torch2pc-layerwise-thesis==0.1.0)
#11 10.65   Downloading mkdocs_get_deps-0.2.2-py3-none-any.whl.metadata (4.0 kB)
#11 10.67 Collecting pathspec>=0.11.1 (from mkdocs<2,>=1.6->torch2pc-layerwise-thesis==0.1.0)
#11 10.68   Downloading pathspec-1.1.1-py3-none-any.whl.metadata (14 kB)
#11 10.88 Collecting pyyaml-env-tag>=0.1 (from mkdocs<2,>=1.6->torch2pc-layerwise-thesis==0.1.0)
#11 10.90   Downloading pyyaml_env_tag-1.1-py3-none-any.whl.metadata (5.5 kB)
#11 10.96 Collecting watchdog>=2.0 (from mkdocs<2,>=1.6->torch2pc-layerwise-thesis==0.1.0)
#11 10.97   Downloading watchdog-6.0.0-py3-none-manylinux2014_x86_64.whl.metadata (44 kB)
#11 11.21 Collecting backrefs~=5.7.post1 (from mkdocs-material<10,>=9.6->torch2pc-layerwise-thesis==0.1.0)
#11 11.22   Downloading backrefs-5.9-py312-none-any.whl.metadata (3.2 kB)
#11 11.24 Collecting colorama~=0.4 (from mkdocs-material<10,>=9.6->torch2pc-layerwise-thesis==0.1.0)
#11 11.26   Downloading colorama-0.4.6-py2.py3-none-any.whl.metadata (17 kB)
#11 11.50 Collecting mkdocs-material-extensions~=1.3 (from mkdocs-material<10,>=9.6->torch2pc-layerwise-thesis==0.1.0)
#11 11.52   Downloading mkdocs_material_extensions-1.3.1-py3-none-any.whl.metadata (6.9 kB)
#11 11.70 Collecting paginate~=0.5 (from mkdocs-material<10,>=9.6->torch2pc-layerwise-thesis==0.1.0)
#11 11.72   Downloading paginate-0.5.7-py2.py3-none-any.whl.metadata (11 kB)
#11 11.72 Requirement already satisfied: pygments~=2.16 in /opt/venv/lib/python3.12/site-packages (from mkdocs-material<10,>=9.6->torch2pc-layerwise-thesis==0.1.0) (2.20.0)
#11 11.77 Collecting pymdown-extensions~=10.2 (from mkdocs-material<10,>=9.6->torch2pc-layerwise-thesis==0.1.0)
#11 11.78   Downloading pymdown_extensions-10.21.3-py3-none-any.whl.metadata (3.1 kB)
#11 11.80 Requirement already satisfied: typing_extensions>=4.6.0 in /opt/venv/lib/python3.12/site-packages (from mypy<3,>=1.14->torch2pc-layerwise-thesis==0.1.0) (4.15.0)
#11 11.81 Collecting mypy_extensions>=1.0.0 (from mypy<3,>=1.14->torch2pc-layerwise-thesis==0.1.0)
#11 11.83   Downloading mypy_extensions-1.1.0-py3-none-any.whl.metadata (1.1 kB)
#11 11.99 Collecting librt>=0.13.0 (from mypy<3,>=1.14->torch2pc-layerwise-thesis==0.1.0)
#11 12.00   Downloading librt-0.15.0-cp312-cp312-manylinux2014_x86_64.manylinux_2_17_x86_64.manylinux_2_28_x86_64.whl.metadata (1.3 kB)
#11 12.05 Collecting ast-serialize<1.0.0,>=0.6.0 (from mypy<3,>=1.14->torch2pc-layerwise-thesis==0.1.0)
#11 12.06   Downloading ast_serialize-0.8.0-cp39-abi3-manylinux_2_17_x86_64.manylinux2014_x86_64.whl.metadata (1.4 kB)
#11 12.09 Collecting fastjsonschema>=2.15 (from nbformat<6,>=5.10->torch2pc-layerwise-thesis==0.1.0)
#11 12.10   Downloading fastjsonschema-2.22.1-py3-none-any.whl.metadata (2.1 kB)
#11 12.13 Collecting et-xmlfile (from openpyxl<4,>=3.1->torch2pc-layerwise-thesis==0.1.0)
#11 12.15   Downloading et_xmlfile-2.0.0-py3-none-any.whl.metadata (2.7 kB)
#11 12.20 Collecting pytz>=2020.1 (from pandas<3,>=2.2->torch2pc-layerwise-thesis==0.1.0)
#11 12.21   Downloading pytz-2026.3.post1-py2.py3-none-any.whl.metadata (22 kB)
#11 12.24 Collecting tzdata>=2022.7 (from pandas<3,>=2.2->torch2pc-layerwise-thesis==0.1.0)
#11 12.25   Downloading tzdata-2026.3-py2.py3-none-any.whl.metadata (1.4 kB)
#11 12.27 Requirement already satisfied: iniconfig>=1 in /opt/venv/lib/python3.12/site-packages (from pytest<9,>=8.3->torch2pc-layerwise-thesis==0.1.0) (2.3.0)
#11 12.27 Requirement already satisfied: pluggy<2,>=1.5 in /opt/venv/lib/python3.12/site-packages (from pytest<9,>=8.3->torch2pc-layerwise-thesis==0.1.0) (1.6.0)
#11 12.82 Collecting coverage>=7.5 (from coverage[toml]>=7.5->pytest-cov<7,>=6->torch2pc-layerwise-thesis==0.1.0)
#11 12.83   Downloading coverage-7.15.4-cp312-cp312-manylinux1_x86_64.manylinux_2_28_x86_64.manylinux_2_5_x86_64.whl.metadata (8.6 kB)
#11 12.99 Collecting charset_normalizer<4,>=2 (from requests>=2.31->jupyterlab-server<3,>=2.27.1->jupyterlab<5,>=4.3->torch2pc-layerwise-thesis==0.1.0)
#11 13.01   Downloading charset_normalizer-3.5.0-cp312-cp312-manylinux2014_x86_64.manylinux_2_17_x86_64.manylinux_2_28_x86_64.whl.metadata (44 kB)
#11 13.04 Collecting idna<4,>=2.5 (from requests>=2.31->jupyterlab-server<3,>=2.27.1->jupyterlab<5,>=4.3->torch2pc-layerwise-thesis==0.1.0)
#11 13.06   Downloading idna-3.18-py3-none-any.whl.metadata (6.1 kB)
#11 13.11 Collecting urllib3<3,>=1.26 (from requests>=2.31->jupyterlab-server<3,>=2.27.1->jupyterlab<5,>=4.3->torch2pc-layerwise-thesis==0.1.0)
#11 13.12   Downloading urllib3-2.7.0-py3-none-any.whl.metadata (6.9 kB)
#11 13.16 Collecting certifi>=2023.5.7 (from requests>=2.31->jupyterlab-server<3,>=2.27.1->jupyterlab<5,>=4.3->torch2pc-layerwise-thesis==0.1.0)
#11 13.18   Downloading certifi-2026.7.22-py3-none-any.whl.metadata (2.5 kB)
#11 13.24 Collecting joblib>=1.2.0 (from scikit-learn<2,>=1.6->torch2pc-layerwise-thesis==0.1.0)
#11 13.25   Downloading joblib-1.5.3-py3-none-any.whl.metadata (5.5 kB)
#11 13.27 Collecting threadpoolctl>=3.1.0 (from scikit-learn<2,>=1.6->torch2pc-layerwise-thesis==0.1.0)
#11 13.28   Downloading threadpoolctl-3.6.0-py3-none-any.whl.metadata (13 kB)
#11 13.32 Collecting argon2-cffi-bindings (from argon2-cffi>=21.1->jupyter-server<3,>=2.4.0->jupyterlab<5,>=4.3->torch2pc-layerwise-thesis==0.1.0)
#11 13.34   Downloading argon2_cffi_bindings-25.1.0-cp39-abi3-manylinux_2_26_x86_64.manylinux_2_28_x86_64.whl.metadata (7.4 kB)
#11 13.39 Collecting httpcore==1.* (from httpx>=0.25.0->jupyterlab<5,>=4.3->torch2pc-layerwise-thesis==0.1.0)
#11 13.41   Downloading httpcore-1.0.9-py3-none-any.whl.metadata (21 kB)
#11 13.43 Collecting h11>=0.16 (from httpcore==1.*->httpx>=0.25.0->jupyterlab<5,>=4.3->torch2pc-layerwise-thesis==0.1.0)
#11 13.44   Downloading h11-0.16.0-py3-none-any.whl.metadata (8.3 kB)
#11 13.46 Collecting ipython-pygments-lexers>=1.0.0 (from ipython>=7.23.1->ipykernel<7,>=6.29->torch2pc-layerwise-thesis==0.1.0)
#11 13.48   Downloading ipython_pygments_lexers-1.1.1-py3-none-any.whl.metadata (1.1 kB)
#11 13.50 Collecting jedi>=0.18.2 (from ipython>=7.23.1->ipykernel<7,>=6.29->torch2pc-layerwise-thesis==0.1.0)
#11 13.51   Downloading jedi-0.20.0-py2.py3-none-any.whl.metadata (23 kB)
#11 13.54 Collecting pexpect>4.6 (from ipython>=7.23.1->ipykernel<7,>=6.29->torch2pc-layerwise-thesis==0.1.0)
#11 13.55   Downloading pexpect-4.9.0-py2.py3-none-any.whl.metadata (2.5 kB)
#11 13.59 Collecting prompt_toolkit<3.1.0,>=3.0.41 (from ipython>=7.23.1->ipykernel<7,>=6.29->torch2pc-layerwise-thesis==0.1.0)
#11 13.61   Downloading prompt_toolkit-3.0.53-py3-none-any.whl.metadata (6.4 kB)
#11 13.63 Collecting stack_data>=0.6.0 (from ipython>=7.23.1->ipykernel<7,>=6.29->torch2pc-layerwise-thesis==0.1.0)
#11 13.64   Downloading stack_data-0.6.3-py3-none-any.whl.metadata (18 kB)
#11 13.68 Collecting wcwidth>=0.1.4 (from prompt_toolkit<3.1.0,>=3.0.41->ipython>=7.23.1->ipykernel<7,>=6.29->torch2pc-layerwise-thesis==0.1.0)
#11 13.69   Downloading wcwidth-0.8.2-py3-none-any.whl.metadata (43 kB)
#11 13.72 Collecting parso<0.9.0,>=0.8.6 (from jedi>=0.18.2->ipython>=7.23.1->ipykernel<7,>=6.29->torch2pc-layerwise-thesis==0.1.0)
#11 13.74   Downloading parso-0.8.7-py2.py3-none-any.whl.metadata (8.2 kB)
#11 13.77 Collecting attrs>=22.2.0 (from jsonschema>=4.18.0->jupyterlab-server<3,>=2.27.1->jupyterlab<5,>=4.3->torch2pc-layerwise-thesis==0.1.0)
#11 13.78   Downloading attrs-26.1.0-py3-none-any.whl.metadata (8.8 kB)
#11 13.80 Collecting jsonschema-specifications>=2023.03.6 (from jsonschema>=4.18.0->jupyterlab-server<3,>=2.27.1->jupyterlab<5,>=4.3->torch2pc-layerwise-thesis==0.1.0)
#11 13.81   Downloading jsonschema_specifications-2025.9.1-py3-none-any.whl.metadata (2.9 kB)
#11 13.85 Collecting referencing>=0.28.4 (from jsonschema>=4.18.0->jupyterlab-server<3,>=2.27.1->jupyterlab<5,>=4.3->torch2pc-layerwise-thesis==0.1.0)
#11 13.87   Downloading referencing-0.37.0-py3-none-any.whl.metadata (2.8 kB)
#11 14.25 Collecting rpds-py>=0.25.0 (from jsonschema>=4.18.0->jupyterlab-server<3,>=2.27.1->jupyterlab<5,>=4.3->torch2pc-layerwise-thesis==0.1.0)
#11 14.26   Downloading rpds_py-2026.6.3-cp312-cp312-manylinux_2_17_x86_64.manylinux2014_x86_64.whl.metadata (4.1 kB)
#11 14.33 Collecting platformdirs>=2.5 (from jupyter-core!=5.0.*,>=4.12->ipykernel<7,>=6.29->torch2pc-layerwise-thesis==0.1.0)
#11 14.34   Downloading platformdirs-4.11.2-py3-none-any.whl.metadata (5.5 kB)
#11 14.36 Collecting python-json-logger>=2.0.4 (from jupyter-events>=0.11.0->jupyter-server<3,>=2.4.0->jupyterlab<5,>=4.3->torch2pc-layerwise-thesis==0.1.0)
#11 14.38   Downloading python_json_logger-4.1.0-py3-none-any.whl.metadata (3.7 kB)
#11 14.40 Collecting rfc3339-validator (from jupyter-events>=0.11.0->jupyter-server<3,>=2.4.0->jupyterlab<5,>=4.3->torch2pc-layerwise-thesis==0.1.0)
#11 14.41   Downloading rfc3339_validator-0.1.4-py2.py3-none-any.whl.metadata (1.5 kB)
#11 14.43 Collecting rfc3986-validator>=0.1.1 (from jupyter-events>=0.11.0->jupyter-server<3,>=2.4.0->jupyterlab<5,>=4.3->torch2pc-layerwise-thesis==0.1.0)
#11 14.44   Downloading rfc3986_validator-0.1.1-py2.py3-none-any.whl.metadata (1.7 kB)
#11 14.46 Collecting fqdn (from jsonschema[format-nongpl]>=4.18.0->jupyter-events>=0.11.0->jupyter-server<3,>=2.4.0->jupyterlab<5,>=4.3->torch2pc-layerwise-thesis==0.1.0)
#11 14.47   Downloading fqdn-1.5.1-py3-none-any.whl.metadata (1.4 kB)
#11 14.49 Collecting isoduration (from jsonschema[format-nongpl]>=4.18.0->jupyter-events>=0.11.0->jupyter-server<3,>=2.4.0->jupyterlab<5,>=4.3->torch2pc-layerwise-thesis==0.1.0)
#11 14.50   Downloading isoduration-20.11.0-py3-none-any.whl.metadata (5.7 kB)
#11 14.52 Collecting jsonpointer>1.13 (from jsonschema[format-nongpl]>=4.18.0->jupyter-events>=0.11.0->jupyter-server<3,>=2.4.0->jupyterlab<5,>=4.3->torch2pc-layerwise-thesis==0.1.0)
#11 14.54   Downloading jsonpointer-3.1.1-py3-none-any.whl.metadata (2.4 kB)
#11 14.55 Collecting rfc3987-syntax>=1.1.0 (from jsonschema[format-nongpl]>=4.18.0->jupyter-events>=0.11.0->jupyter-server<3,>=2.4.0->jupyterlab<5,>=4.3->torch2pc-layerwise-thesis==0.1.0)
#11 14.57   Downloading rfc3987_syntax-1.1.0-py3-none-any.whl.metadata (7.7 kB)
#11 14.58 Collecting uri-template (from jsonschema[format-nongpl]>=4.18.0->jupyter-events>=0.11.0->jupyter-server<3,>=2.4.0->jupyterlab<5,>=4.3->torch2pc-layerwise-thesis==0.1.0)
#11 14.59   Downloading uri_template-1.3.0-py3-none-any.whl.metadata (8.8 kB)
#11 14.62 Collecting webcolors>=24.6.0 (from jsonschema[format-nongpl]>=4.18.0->jupyter-events>=0.11.0->jupyter-server<3,>=2.4.0->jupyterlab<5,>=4.3->torch2pc-layerwise-thesis==0.1.0)
#11 14.63   Downloading webcolors-25.10.0-py3-none-any.whl.metadata (2.2 kB)
#11 14.70 Collecting beautifulsoup4 (from nbconvert>=6.4.4->jupyter-server<3,>=2.4.0->jupyterlab<5,>=4.3->torch2pc-layerwise-thesis==0.1.0)
#11 14.71   Downloading beautifulsoup4-4.15.0-py3-none-any.whl.metadata (3.8 kB)
#11 14.74 Collecting bleach!=5.0.0 (from bleach[css]!=5.0.0->nbconvert>=6.4.4->jupyter-server<3,>=2.4.0->jupyterlab<5,>=4.3->torch2pc-layerwise-thesis==0.1.0)
#11 14.75   Downloading bleach-6.4.0-py3-none-any.whl.metadata (32 kB)
#11 14.78 Collecting defusedxml (from nbconvert>=6.4.4->jupyter-server<3,>=2.4.0->jupyterlab<5,>=4.3->torch2pc-layerwise-thesis==0.1.0)
#11 14.79   Downloading defusedxml-0.7.1-py2.py3-none-any.whl.metadata (32 kB)
#11 14.82 Collecting jupyterlab-pygments (from nbconvert>=6.4.4->jupyter-server<3,>=2.4.0->jupyterlab<5,>=4.3->torch2pc-layerwise-thesis==0.1.0)
#11 14.83   Downloading jupyterlab_pygments-0.3.0-py3-none-any.whl.metadata (4.4 kB)
#11 14.86 Collecting mistune<4,>=2.0.3 (from nbconvert>=6.4.4->jupyter-server<3,>=2.4.0->jupyterlab<5,>=4.3->torch2pc-layerwise-thesis==0.1.0)
#11 14.88   Downloading mistune-3.3.4-py3-none-any.whl.metadata (1.9 kB)
#11 15.08 Collecting pandocfilters>=1.4.1 (from nbconvert>=6.4.4->jupyter-server<3,>=2.4.0->jupyterlab<5,>=4.3->torch2pc-layerwise-thesis==0.1.0)
#11 15.10   Downloading pandocfilters-1.5.1-py2.py3-none-any.whl.metadata (9.0 kB)
#11 15.12 Collecting webencodings (from bleach!=5.0.0->bleach[css]!=5.0.0->nbconvert>=6.4.4->jupyter-server<3,>=2.4.0->jupyterlab<5,>=4.3->torch2pc-layerwise-thesis==0.1.0)
#11 15.14   Downloading webencodings-0.5.1-py2.py3-none-any.whl.metadata (2.1 kB)
#11 15.16 Collecting tinycss2>=1.1.0 (from bleach[css]!=5.0.0->nbconvert>=6.4.4->jupyter-server<3,>=2.4.0->jupyterlab<5,>=4.3->torch2pc-layerwise-thesis==0.1.0)
#11 15.17   Downloading tinycss2-1.5.1-py3-none-any.whl.metadata (3.0 kB)
#11 15.22 Collecting ptyprocess>=0.5 (from pexpect>4.6->ipython>=7.23.1->ipykernel<7,>=6.29->torch2pc-layerwise-thesis==0.1.0)
#11 15.24   Downloading ptyprocess-0.7.0-py2.py3-none-any.whl.metadata (1.3 kB)
#11 15.25 Requirement already satisfied: six>=1.5 in /opt/venv/lib/python3.12/site-packages (from python-dateutil>=2.7->matplotlib<4,>=3.9->torch2pc-layerwise-thesis==0.1.0) (1.17.0)
#11 15.30 Collecting lark>=1.2.2 (from rfc3987-syntax>=1.1.0->jsonschema[format-nongpl]>=4.18.0->jupyter-events>=0.11.0->jupyter-server<3,>=2.4.0->jupyterlab<5,>=4.3->torch2pc-layerwise-thesis==0.1.0)
#11 15.32   Downloading lark-1.3.1-py3-none-any.whl.metadata (1.8 kB)
#11 15.35 Collecting executing>=1.2.0 (from stack_data>=0.6.0->ipython>=7.23.1->ipykernel<7,>=6.29->torch2pc-layerwise-thesis==0.1.0)
#11 15.37   Downloading executing-2.2.1-py2.py3-none-any.whl.metadata (8.9 kB)
#11 15.39 Collecting asttokens>=2.1.0 (from stack_data>=0.6.0->ipython>=7.23.1->ipykernel<7,>=6.29->torch2pc-layerwise-thesis==0.1.0)
#11 15.40   Downloading asttokens-3.0.2-py3-none-any.whl.metadata (5.7 kB)
#11 15.42 Collecting pure-eval (from stack_data>=0.6.0->ipython>=7.23.1->ipykernel<7,>=6.29->torch2pc-layerwise-thesis==0.1.0)
#11 15.43   Downloading pure_eval-0.2.3-py3-none-any.whl.metadata (6.3 kB)
#11 15.61 Collecting cffi>=1.0.1 (from argon2-cffi-bindings->argon2-cffi>=21.1->jupyter-server<3,>=2.4.0->jupyterlab<5,>=4.3->torch2pc-layerwise-thesis==0.1.0)
#11 15.62   Downloading cffi-2.1.1-cp312-cp312-manylinux2014_x86_64.manylinux_2_17_x86_64.whl.metadata (2.5 kB)
#11 15.64 Collecting pycparser (from cffi>=1.0.1->argon2-cffi-bindings->argon2-cffi>=21.1->jupyter-server<3,>=2.4.0->jupyterlab<5,>=4.3->torch2pc-layerwise-thesis==0.1.0)
#11 15.66   Downloading pycparser-3.0-py3-none-any.whl.metadata (8.2 kB)
#11 15.68 Collecting soupsieve>=1.6.1 (from beautifulsoup4->nbconvert>=6.4.4->jupyter-server<3,>=2.4.0->jupyterlab<5,>=4.3->torch2pc-layerwise-thesis==0.1.0)
#11 15.70   Downloading soupsieve-2.9.2-py3-none-any.whl.metadata (4.6 kB)
#11 15.74 Collecting arrow>=0.15.0 (from isoduration->jsonschema[format-nongpl]>=4.18.0->jupyter-events>=0.11.0->jupyter-server<3,>=2.4.0->jupyterlab<5,>=4.3->torch2pc-layerwise-thesis==0.1.0)
#11 15.75   Downloading arrow-1.4.0-py3-none-any.whl.metadata (7.7 kB)
#11 15.79 Downloading ipykernel-6.29.5-py3-none-any.whl (117 kB)
#11 16.11 Downloading jupyterlab-4.4.4-py3-none-any.whl (12.3 MB)
#11 17.60    ━━━━━━━━━━━━━━━━━━━━━━━━━━━━━━━━━━━━━━━━ 12.3/12.3 MB 8.3 MB/s eta 0:00:00
#11 17.61 Downloading jupyter_server-2.20.0-py3-none-any.whl (393 kB)
#11 17.67 Downloading jupyterlab_server-2.28.0-py3-none-any.whl (59 kB)
#11 17.69 Downloading matplotlib-3.11.1-cp312-cp312-manylinux2014_x86_64.manylinux_2_17_x86_64.whl (10.0 MB)
#11 18.86    ━━━━━━━━━━━━━━━━━━━━━━━━━━━━━━━━━━━━━━━━ 10.0/10.0 MB 8.6 MB/s eta 0:00:00
#11 18.87 Downloading mkdocs-1.6.1-py3-none-any.whl (3.9 MB)
#11 19.31    ━━━━━━━━━━━━━━━━━━━━━━━━━━━━━━━━━━━━━━━━ 3.9/3.9 MB 8.7 MB/s eta 0:00:00
#11 19.33 Downloading mkdocs_material-9.6.15-py3-none-any.whl (8.7 MB)
#11 20.75    ━━━━━━━━━━━━━━━━━━━━━━━━━━━━━━━━━━━━━━━━ 8.7/8.7 MB 6.1 MB/s eta 0:00:00
#11 20.77 Downloading babel-2.18.0-py3-none-any.whl (10.2 MB)
#11 21.90    ━━━━━━━━━━━━━━━━━━━━━━━━━━━━━━━━━━━━━━━━ 10.2/10.2 MB 9.0 MB/s eta 0:00:00
#11 21.92 Downloading backrefs-5.9-py312-none-any.whl (397 kB)
#11 21.98 Downloading colorama-0.4.6-py2.py3-none-any.whl (25 kB)
#11 22.00 Downloading markdown-3.10.3-py3-none-any.whl (110 kB)
#11 22.02 Downloading mkdocs_material_extensions-1.3.1-py3-none-any.whl (8.7 kB)
#11 22.05 Downloading mypy-2.3.0-cp312-cp312-manylinux2014_x86_64.manylinux_2_17_x86_64.manylinux_2_28_x86_64.whl (15.3 MB)
#11 24.07    ━━━━━━━━━━━━━━━━━━━━━━━━━━━━━━━━━━━━━━━━ 15.3/15.3 MB 7.6 MB/s eta 0:00:00
#11 24.09 Downloading ast_serialize-0.8.0-cp39-abi3-manylinux_2_17_x86_64.manylinux2014_x86_64.whl (1.3 MB)
#11 24.23    ━━━━━━━━━━━━━━━━━━━━━━━━━━━━━━━━━━━━━━━━ 1.3/1.3 MB 8.5 MB/s eta 0:00:00
#11 24.25 Downloading nbclient-0.10.2-py3-none-any.whl (25 kB)
#11 24.26 Downloading nbformat-5.10.4-py3-none-any.whl (78 kB)
#11 24.28 Downloading numpy-2.2.6-cp312-cp312-manylinux_2_17_x86_64.manylinux2014_x86_64.whl (16.5 MB)
#11 26.33    ━━━━━━━━━━━━━━━━━━━━━━━━━━━━━━━━━━━━━━━━ 16.5/16.5 MB 8.1 MB/s eta 0:00:00
#11 26.35 Downloading openpyxl-3.1.5-py2.py3-none-any.whl (250 kB)
#11 26.39 Downloading paginate-0.5.7-py2.py3-none-any.whl (13 kB)
#11 26.40 Downloading pandas-2.3.1-cp312-cp312-manylinux_2_17_x86_64.manylinux2014_x86_64.whl (12.0 MB)
#11 27.80    ━━━━━━━━━━━━━━━━━━━━━━━━━━━━━━━━━━━━━━━━ 12.0/12.0 MB 8.6 MB/s eta 0:00:00
#11 27.81 Downloading psutil-7.0.0-cp36-abi3-manylinux_2_12_x86_64.manylinux2010_x86_64.manylinux_2_17_x86_64.manylinux2014_x86_64.whl (277 kB)
#11 27.85 Downloading pymdown_extensions-10.21.3-py3-none-any.whl (269 kB)
#11 27.89 Downloading pytest-8.4.1-py3-none-any.whl (365 kB)
#11 27.95 Downloading pytest_cov-6.2.1-py3-none-any.whl (24 kB)
#11 27.96 Downloading requests-2.34.2-py3-none-any.whl (73 kB)
#11 27.98 Downloading charset_normalizer-3.5.0-cp312-cp312-manylinux2014_x86_64.manylinux_2_17_x86_64.manylinux_2_28_x86_64.whl (247 kB)
#11 28.02 Downloading idna-3.18-py3-none-any.whl (65 kB)
#11 28.04 Downloading ruff-0.12.2-py3-none-manylinux_2_17_x86_64.manylinux2014_x86_64.whl (11.6 MB)
#11 29.35    ━━━━━━━━━━━━━━━━━━━━━━━━━━━━━━━━━━━━━━━━ 11.6/11.6 MB 8.9 MB/s eta 0:00:00
#11 29.49 Downloading scikit_learn-1.7.1-cp312-cp312-manylinux2014_x86_64.manylinux_2_17_x86_64.whl (9.5 MB)
#11 30.73    ━━━━━━━━━━━━━━━━━━━━━━━━━━━━━━━━━━━━━━━━ 9.5/9.5 MB 7.6 MB/s eta 0:00:00
#11 30.75 Downloading scipy-1.16.0-cp312-cp312-manylinux2014_x86_64.manylinux_2_17_x86_64.whl (35.1 MB)
#11 34.69    ━━━━━━━━━━━━━━━━━━━━━━━━━━━━━━━━━━━━━━━━ 35.1/35.1 MB 8.9 MB/s eta 0:00:00
#11 34.70 Downloading types_pyyaml-6.0.12.20260724-py3-none-any.whl (20 kB)
#11 34.72 Downloading urllib3-2.7.0-py3-none-any.whl (131 kB)
#11 34.75 Downloading anyio-4.14.2-py3-none-any.whl (125 kB)
#11 34.78 Downloading argon2_cffi-25.1.0-py3-none-any.whl (14 kB)
#11 34.79 Downloading async_lru-2.3.0-py3-none-any.whl (8.4 kB)
#11 34.80 Downloading certifi-2026.7.22-py3-none-any.whl (136 kB)
#11 34.82 Downloading click-8.4.2-py3-none-any.whl (119 kB)
#11 34.85 Downloading comm-0.2.3-py3-none-any.whl (7.3 kB)
#11 34.87 Downloading coverage-7.15.4-cp312-cp312-manylinux1_x86_64.manylinux_2_28_x86_64.manylinux_2_5_x86_64.whl (257 kB)
#11 34.92 Downloading debugpy-1.8.21-cp312-cp312-manylinux_2_34_x86_64.whl (4.0 MB)
#11 35.39    ━━━━━━━━━━━━━━━━━━━━━━━━━━━━━━━━━━━━━━━━ 4.0/4.0 MB 8.8 MB/s eta 0:00:00
#11 35.44 Downloading fastjsonschema-2.22.1-py3-none-any.whl (26 kB)
#11 35.45 Downloading ghp_import-2.1.0-py3-none-any.whl (11 kB)
#11 35.48 Downloading httpx-0.28.1-py3-none-any.whl (73 kB)
#11 35.49 Downloading httpcore-1.0.9-py3-none-any.whl (78 kB)
#11 35.51 Downloading h11-0.16.0-py3-none-any.whl (37 kB)
#11 35.53 Downloading ipython-9.16.1-py3-none-any.whl (625 kB)
#11 35.66    ━━━━━━━━━━━━━━━━━━━━━━━━━━━━━━━━━━━━━━━━ 626.0/626.0 kB 6.1 MB/s eta 0:00:00
#11 35.67 Downloading prompt_toolkit-3.0.53-py3-none-any.whl (392 kB)
#11 35.75 Downloading ipython_pygments_lexers-1.1.1-py3-none-any.whl (8.1 kB)
#11 35.77 Downloading jedi-0.20.0-py2.py3-none-any.whl (4.9 MB)
#11 36.45    ━━━━━━━━━━━━━━━━━━━━━━━━━━━━━━━━━━━━━━━━ 4.9/4.9 MB 7.2 MB/s eta 0:00:00
#11 36.46 Downloading parso-0.8.7-py2.py3-none-any.whl (107 kB)
#11 36.49 Downloading joblib-1.5.3-py3-none-any.whl (309 kB)
#11 36.54 Downloading json5-0.15.0-py3-none-any.whl (36 kB)
#11 36.56 Downloading jsonschema-4.26.0-py3-none-any.whl (90 kB)
#11 36.58 Downloading attrs-26.1.0-py3-none-any.whl (67 kB)
#11 36.60 Downloading jsonschema_specifications-2025.9.1-py3-none-any.whl (18 kB)
#11 36.61 Downloading jupyter_client-8.9.1-py3-none-any.whl (109 kB)
#11 36.64 Downloading jupyter_core-5.9.1-py3-none-any.whl (29 kB)
#11 36.65 Downloading jupyter_events-0.12.1-py3-none-any.whl (19 kB)
#11 36.67 Downloading jsonpointer-3.1.1-py3-none-any.whl (7.7 kB)
#11 36.68 Downloading jupyter_lsp-2.3.1-py3-none-any.whl (77 kB)
#11 36.70 Downloading jupyter_server_terminals-0.5.4-py3-none-any.whl (13 kB)
#11 36.71 Downloading librt-0.15.0-cp312-cp312-manylinux2014_x86_64.manylinux_2_17_x86_64.manylinux_2_28_x86_64.whl (531 kB)
#11 36.78    ━━━━━━━━━━━━━━━━━━━━━━━━━━━━━━━━━━━━━━━━ 531.9/531.9 kB 7.3 MB/s eta 0:00:00
#11 36.79 Downloading matplotlib_inline-0.2.2-py3-none-any.whl (9.5 kB)
#11 36.81 Downloading mergedeep-1.3.4-py3-none-any.whl (6.4 kB)
#11 36.82 Downloading mkdocs_get_deps-0.2.2-py3-none-any.whl (9.6 kB)
#11 36.83 Downloading mypy_extensions-1.1.0-py3-none-any.whl (5.0 kB)
#11 36.85 Downloading nbconvert-7.17.1-py3-none-any.whl (261 kB)
#11 36.89 Downloading mistune-3.3.4-py3-none-any.whl (66 kB)
#11 36.91 Downloading bleach-6.4.0-py3-none-any.whl (165 kB)
#11 36.94 Downloading notebook_shim-0.2.4-py3-none-any.whl (13 kB)
#11 36.96 Downloading pandocfilters-1.5.1-py2.py3-none-any.whl (8.7 kB)
#11 36.97 Downloading pathspec-1.1.1-py3-none-any.whl (57 kB)
#11 36.99 Downloading pexpect-4.9.0-py2.py3-none-any.whl (63 kB)
#11 37.01 Downloading platformdirs-4.11.2-py3-none-any.whl (23 kB)
#11 37.02 Downloading prometheus_client-0.26.0-py3-none-any.whl (64 kB)
#11 37.04 Downloading ptyprocess-0.7.0-py2.py3-none-any.whl (13 kB)
#11 37.06 Downloading python_json_logger-4.1.0-py3-none-any.whl (15 kB)
#11 37.07 Downloading pytz-2026.3.post1-py2.py3-none-any.whl (508 kB)
#11 37.15 Downloading pyyaml_env_tag-1.1-py3-none-any.whl (4.7 kB)
#11 37.17 Downloading pyzmq-27.1.0-cp312-abi3-manylinux_2_26_x86_64.manylinux_2_28_x86_64.whl (840 kB)
#11 37.27    ━━━━━━━━━━━━━━━━━━━━━━━━━━━━━━━━━━━━━━━━ 841.0/841.0 kB 8.0 MB/s eta 0:00:00
#11 37.29 Downloading referencing-0.37.0-py3-none-any.whl (26 kB)
#11 37.30 Downloading rfc3986_validator-0.1.1-py2.py3-none-any.whl (4.2 kB)
#11 37.31 Downloading rfc3987_syntax-1.1.0-py3-none-any.whl (8.0 kB)
#11 37.33 Downloading lark-1.3.1-py3-none-any.whl (113 kB)
#11 37.35 Downloading rpds_py-2026.6.3-cp312-cp312-manylinux_2_17_x86_64.manylinux2014_x86_64.whl (366 kB)
#11 37.41 Downloading send2trash-2.1.0-py3-none-any.whl (17 kB)
#11 37.42 Downloading stack_data-0.6.3-py3-none-any.whl (24 kB)
#11 37.44 Downloading asttokens-3.0.2-py3-none-any.whl (28 kB)
#11 37.45 Downloading executing-2.2.1-py2.py3-none-any.whl (28 kB)
#11 37.47 Downloading terminado-0.18.1-py3-none-any.whl (14 kB)
#11 37.49 Downloading threadpoolctl-3.6.0-py3-none-any.whl (18 kB)
#11 37.50 Downloading tinycss2-1.5.1-py3-none-any.whl (28 kB)
#11 37.52 Downloading tornado-6.5.8-cp39-abi3-manylinux1_x86_64.manylinux_2_28_x86_64.manylinux_2_5_x86_64.whl (450 kB)
#11 37.58 Downloading traitlets-5.16.1-py3-none-any.whl (86 kB)
#11 37.60 Downloading tzdata-2026.3-py2.py3-none-any.whl (348 kB)
#11 37.65 Downloading watchdog-6.0.0-py3-none-manylinux2014_x86_64.whl (79 kB)
#11 37.67 Downloading wcwidth-0.8.2-py3-none-any.whl (323 kB)
#11 37.72 Downloading webcolors-25.10.0-py3-none-any.whl (14 kB)
#11 37.73 Downloading webencodings-0.5.1-py2.py3-none-any.whl (11 kB)
#11 37.75 Downloading websocket_client-1.9.0-py3-none-any.whl (82 kB)
#11 37.77 Downloading argon2_cffi_bindings-25.1.0-cp39-abi3-manylinux_2_26_x86_64.manylinux_2_28_x86_64.whl (87 kB)
#11 37.79 Downloading cffi-2.1.1-cp312-cp312-manylinux2014_x86_64.manylinux_2_17_x86_64.whl (221 kB)
#11 37.83 Downloading beautifulsoup4-4.15.0-py3-none-any.whl (109 kB)
#11 37.85 Downloading soupsieve-2.9.2-py3-none-any.whl (37 kB)
#11 37.87 Downloading defusedxml-0.7.1-py2.py3-none-any.whl (25 kB)
#11 37.88 Downloading et_xmlfile-2.0.0-py3-none-any.whl (18 kB)
#11 37.89 Downloading fqdn-1.5.1-py3-none-any.whl (9.1 kB)
#11 37.91 Downloading isoduration-20.11.0-py3-none-any.whl (11 kB)
#11 37.92 Downloading arrow-1.4.0-py3-none-any.whl (68 kB)
#11 37.94 Downloading jupyterlab_pygments-0.3.0-py3-none-any.whl (15 kB)
#11 37.95 Downloading nest_asyncio-1.6.0-py3-none-any.whl (5.2 kB)
#11 37.96 Downloading pure_eval-0.2.3-py3-none-any.whl (11 kB)
#11 37.98 Downloading pycparser-3.0-py3-none-any.whl (48 kB)
#11 37.99 Downloading rfc3339_validator-0.1.4-py2.py3-none-any.whl (3.5 kB)
#11 38.01 Downloading uri_template-1.3.0-py3-none-any.whl (11 kB)
#11 38.35 Building wheels for collected packages: torch2pc-layerwise-thesis
#11 38.35   Building editable for torch2pc-layerwise-thesis (pyproject.toml): started
#11 38.39   Building editable for torch2pc-layerwise-thesis (pyproject.toml): finished with status 'done'
#11 38.39   Created wheel for torch2pc-layerwise-thesis: filename=torch2pc_layerwise_thesis-0.1.0-py3-none-any.whl size=15921 sha256=055b2cffc6514b1dc37eba6db7d39b8512615746e146d2ca0b3805e76ce070ae
#11 38.39   Stored in directory: /tmp/pip-ephem-wheel-cache-081qun7n/wheels/b0/41/ab/4e04a8678980f3355548f1261923479fbf2a713a7393a7dea8
#11 38.39 Successfully built torch2pc-layerwise-thesis
#11 38.80 Installing collected packages: webencodings, pytz, pure-eval, ptyprocess, paginate, websocket-client, webcolors, wcwidth, watchdog, urllib3, uri-template, tzdata, types-pyyaml, traitlets, tornado, tinycss2, threadpoolctl, soupsieve, send2trash, ruff, rpds-py, rfc3986-validator, rfc3339-validator, pyzmq, pyyaml-env-tag, python-json-logger, pytest, pycparser, psutil, prometheus-client, platformdirs, pexpect, pathspec, parso, pandocfilters, numpy, nest-asyncio, mypy_extensions, mkdocs-material-extensions, mistune, mergedeep, markdown, librt, lark, jupyterlab-pygments, jsonpointer, json5, joblib, ipython-pygments-lexers, idna, h11, fqdn, fastjsonschema, executing, et-xmlfile, defusedxml, debugpy, coverage, comm, colorama, click, charset_normalizer, certifi, bleach, backrefs, babel, attrs, async-lru, asttokens, ast-serialize, terminado, stack_data, scipy, rfc3987-syntax, requests, referencing, pymdown-extensions, prompt_toolkit, pandas, openpyxl, mypy, mkdocs-get-deps, matplotlib-inline, jupyter-core, jedi, httpcore, ghp-import, cffi, beautifulsoup4, arrow, anyio, scikit-learn, pytest-cov, mkdocs, matplotlib, jupyter-server-terminals, jupyter-client, jsonschema-specifications, isoduration, ipython, httpx, argon2-cffi-bindings, mkdocs-material, jsonschema, ipykernel, argon2-cffi, nbformat, nbclient, jupyter-events, torch2pc-layerwise-thesis, nbconvert, jupyter-server, notebook-shim, jupyterlab-server, jupyter-lsp, jupyterlab
#11 40.25   Attempting uninstall: pytest
#11 40.25     Found existing installation: pytest 9.0.2
#11 40.26     Uninstalling pytest-9.0.2:
#11 40.84       Successfully uninstalled pytest-9.0.2
#11 41.48   Attempting uninstall: numpy
#11 41.48     Found existing installation: numpy 2.4.4
#11 41.54     Uninstalling numpy-2.4.4:
#11 42.04       Successfully uninstalled numpy-2.4.4
#11 46.36   Attempting uninstall: scipy
#11 46.37     Found existing installation: scipy 1.17.1
#11 46.48     Uninstalling scipy-1.17.1:
#11 47.39       Successfully uninstalled scipy-1.17.1
#11 51.84   Attempting uninstall: pandas
#11 51.86     Found existing installation: pandas 3.0.1
#11 52.01     Uninstalling pandas-3.0.1:
#11 53.03       Successfully uninstalled pandas-3.0.1
#11 63.14   Attempting uninstall: matplotlib
#11 63.15     Found existing installation: matplotlib 3.10.8
#11 63.19     Uninstalling matplotlib-3.10.8:
#11 63.80       Successfully uninstalled matplotlib-3.10.8
#11 69.49 
#11 69.51 Successfully installed anyio-4.14.2 argon2-cffi-25.1.0 argon2-cffi-bindings-25.1.0 arrow-1.4.0 ast-serialize-0.8.0 asttokens-3.0.2 async-lru-2.3.0 attrs-26.1.0 babel-2.18.0 backrefs-5.9 beautifulsoup4-4.15.0 bleach-6.4.0 certifi-2026.7.22 cffi-2.1.1 charset_normalizer-3.5.0 click-8.4.2 colorama-0.4.6 comm-0.2.3 coverage-7.15.4 debugpy-1.8.21 defusedxml-0.7.1 et-xmlfile-2.0.0 executing-2.2.1 fastjsonschema-2.22.1 fqdn-1.5.1 ghp-import-2.1.0 h11-0.16.0 httpcore-1.0.9 httpx-0.28.1 idna-3.18 ipykernel-6.29.5 ipython-9.16.1 ipython-pygments-lexers-1.1.1 isoduration-20.11.0 jedi-0.20.0 joblib-1.5.3 json5-0.15.0 jsonpointer-3.1.1 jsonschema-4.26.0 jsonschema-specifications-2025.9.1 jupyter-client-8.9.1 jupyter-core-5.9.1 jupyter-events-0.12.1 jupyter-lsp-2.3.1 jupyter-server-2.20.0 jupyter-server-terminals-0.5.4 jupyterlab-4.4.4 jupyterlab-pygments-0.3.0 jupyterlab-server-2.28.0 lark-1.3.1 librt-0.15.0 markdown-3.10.3 matplotlib-3.11.1 matplotlib-inline-0.2.2 mergedeep-1.3.4 mistune-3.3.4 mkdocs-1.6.1 mkdocs-get-deps-0.2.2 mkdocs-material-9.6.15 mkdocs-material-extensions-1.3.1 mypy-2.3.0 mypy_extensions-1.1.0 nbclient-0.10.2 nbconvert-7.17.1 nbformat-5.10.4 nest-asyncio-1.6.0 notebook-shim-0.2.4 numpy-2.2.6 openpyxl-3.1.5 paginate-0.5.7 pandas-2.3.1 pandocfilters-1.5.1 parso-0.8.7 pathspec-1.1.1 pexpect-4.9.0 platformdirs-4.11.2 prometheus-client-0.26.0 prompt_toolkit-3.0.53 psutil-7.0.0 ptyprocess-0.7.0 pure-eval-0.2.3 pycparser-3.0 pymdown-extensions-10.21.3 pytest-8.4.1 pytest-cov-6.2.1 python-json-logger-4.1.0 pytz-2026.3.post1 pyyaml-env-tag-1.1 pyzmq-27.1.0 referencing-0.37.0 requests-2.34.2 rfc3339-validator-0.1.4 rfc3986-validator-0.1.1 rfc3987-syntax-1.1.0 rpds-py-2026.6.3 ruff-0.12.2 scikit-learn-1.7.1 scipy-1.16.0 send2trash-2.1.0 soupsieve-2.9.2 stack_data-0.6.3 terminado-0.18.1 threadpoolctl-3.6.0 tinycss2-1.5.1 torch2pc-layerwise-thesis-0.1.0 tornado-6.5.8 traitlets-5.16.1 types-pyyaml-6.0.12.20260724 tzdata-2026.3 uri-template-1.3.0 urllib3-2.7.0 watchdog-6.0.0 wcwidth-0.8.2 webcolors-25.10.0 webencodings-0.5.1 websocket-client-1.9.0
#11 69.62 
#11 69.62 [notice] A new release of pip is available: 25.1.1 -> 26.2.1
#11 69.62 [notice] To update, run: pip install --upgrade pip
#11 70.58 No broken requirements found.
#11 DONE 71.3s

#12 [ 8/10] COPY . /workspace
#12 DONE 0.8s

#13 [ 9/10] RUN cd /workspace     && sha256sum -c experiments/frozen/stage3b-qwake-attempt-003-clean-source-closure-implementation-authoring-v1/runtime-SHA256SUMS     && python scripts/verify_stage3b_qwake_attempt_003_buildtime_closure.py --project-root /workspace
#13 0.167 .dockerignore: OK
#13 0.167 Dockerfile.rocm: OK
#13 0.167 pyproject.toml: OK
#13 0.168 requirements/rocm.txt: OK
#13 0.168 scripts/container_entrypoint.sh: OK
#13 0.168 scripts/run_stage3b_qwake_attempt_003_authorized_runtime.py: OK
#13 0.168 scripts/verify_stage3b_qwake_attempt_003_buildtime_closure.py: OK
#13 0.168 scripts/verify_stage3b_qwake_attempt_003_prebuild_closure.py: OK
#13 0.168 src/torch2pc_thesis/stage3b_qwake_attempt_003_contract.py: OK
#13 0.168 src/torch2pc_thesis/stage3b_qwake_attempt_003_execution_wrapper.py: OK
#13 0.168 src/torch2pc_thesis/stage3b_qwake_attempt_003_runtime_backend.py: OK
#13 0.168 src/torch2pc_thesis/stage3b_qwake_attempt_003_source_closure.py: OK
#13 0.168 tests/unit/test_stage3b_qwake_attempt_003_source_closure.py: OK
#13 0.229 ATTEMPT_003_BUILDTIME_SOURCE_CLOSURE_VERIFIED=true
#13 0.229 RUNTIME_SOURCE_REGISTRY_EXACT=true
#13 0.229 RUNTIME_EXECUTION_PERFORMED=false
#13 0.229 MODEL_CODE_INVOKED=false
#13 0.229 DATASET_ACCESSED=false
#13 DONE 0.2s

#14 [10/10] RUN chmod 0755 /workspace/scripts     && chmod 0755 /workspace/scripts/*.sh
#14 DONE 0.3s

#15 exporting to image
#15 exporting layers
#15 exporting layers 26.4s done
#15 exporting manifest sha256:e7dc06c27afb31201187ee787a59432fee105582ace2c0cd6af76c68f57581df done
#15 exporting config sha256:3bceeb5868a39cad2e5b8502b0d71c00fed371df46f68e9cf3a75f5d0a1221c7 done
#15 exporting attestation manifest sha256:8358703b4e8134f1c6202ab2b4aed4012bc8850c29ebb810558bed3e68b0414c done
#15 exporting manifest list sha256:12a4a6792530471517e53b30625bcfc45031a97bb9072f54bfa0c966e3fc2b5d done
#15 naming to docker.io/library/torch2pc-layerwise-thesis:0.1.0-c1hostfix-98cff5b2ecd6 done
#15 unpacking to docker.io/library/torch2pc-layerwise-thesis:0.1.0-c1hostfix-98cff5b2ecd6
#15 unpacking to docker.io/library/torch2pc-layerwise-thesis:0.1.0-c1hostfix-98cff5b2ecd6 8.7s done
#15 DONE 35.1s
{"attempt_sha256":"sha256:659a8ebd875482980bdadfdb1fbc28955b1720745136d26cbbbee38ae6b982a9","automatic_retry_performed":false,"automatic_retry_permitted":false,"base_image_pull_performed":false,"build_argv":["build","--pull=false","--file","Dockerfile.rocm","--build-arg","BASE_IMAGE=rocm/pytorch@sha256:96a2fb24dec9896e2f8238178f0c49d0dcc4c7dcc597be09e4564316bd86d191","--build-arg","SOURCE_GIT_COMMIT=98cff5b2ecd64e1c96e19f0b04104ac00a5c3cf2","--tag","torch2pc-layerwise-thesis:0.1.0-c1hostfix-98cff5b2ecd6","."],"build_log_sha256":"sha256:f520ee8f5b5017008417ba2ff774605157108f7e54c391d8010b31ca74fa176e","docker_build_count":1,"outcome_sha256":"sha256:b26aafb2ef8c1de1d02e3f240a35de2c742424f10916e589bf45bd2a109b4ca9","record_id":"stage3b-qwake-c1-host-identity-corrected-scientific-image-build-outcome-v1","return_code":0,"schema_version":1}
[
    {
        "Id": "sha256:12a4a6792530471517e53b30625bcfc45031a97bb9072f54bfa0c966e3fc2b5d",
        "RepoTags": [
            "torch2pc-layerwise-thesis:0.1.0-c1hostfix-98cff5b2ecd6"
        ],
        "RepoDigests": [
            "torch2pc-layerwise-thesis@sha256:12a4a6792530471517e53b30625bcfc45031a97bb9072f54bfa0c966e3fc2b5d"
        ],
        "Comment": "buildkit.dockerfile.v0",
        "Created": "2026-08-12T18:38:52.648603228-03:00",
        "Config": {
            "User": "root",
            "Env": [
                "PATH=/opt/venv/bin:/opt/rocm/bin:/usr/local/sbin:/usr/local/bin:/usr/sbin:/usr/bin:/sbin:/bin",
                "DEBIAN_FRONTEND=noninteractive",
                "LD_LIBRARY_PATH=/opt/rocm/lib",
                "PYTHONUNBUFFERED=1",
                "PYTHONDONTWRITEBYTECODE=1",
                "PYTHONHASHSEED=0",
                "SOURCE_GIT_COMMIT=98cff5b2ecd64e1c96e19f0b04104ac00a5c3cf2",
                "PIP_DISABLE_PIP_VERSION_CHECK=1"
            ],
            "Entrypoint": [
                "/usr/bin/tini",
                "--",
                "/workspace/scripts/container_entrypoint.sh"
            ],
            "Cmd": [
                "torch2pc-thesis",
                "validate",
                "--stage",
                "smoke",
                "--method",
                "bp"
            ],
            "WorkingDir": "/workspace",
            "Labels": {
                "io.torch2pc.base-image": "rocm/pytorch@sha256:96a2fb24dec9896e2f8238178f0c49d0dcc4c7dcc597be09e4564316bd86d191",
                "org.opencontainers.image.description": "Controlled ROCm environment for predictive-coding experiments",
                "org.opencontainers.image.ref.name": "rocm/pytorch:rocm7.2.1_ubuntu24.04_py3.12_pytorch_release_2.9.1",
                "org.opencontainers.image.revision": "98cff5b2ecd64e1c96e19f0b04104ac00a5c3cf2",
                "org.opencontainers.image.title": "Torch2PC Layer-wise Thesis",
                "org.opencontainers.image.version": "0.1.0"
            },
            "ArgsEscaped": true
        },
        "Architecture": "amd64",
        "Os": "linux",
        "Size": 10907237878,
        "RootFS": {
            "Type": "layers",
            "Layers": [
                "sha256:f2a7f072635332d307212e318e07284948b89f4167fce5c4d7c9cfb7590b74b6",
                "sha256:38431d8e5f8b31c89008ccae537f0577d7baaed71b09aaf4bfe1404c5cf498bc",
                "sha256:c680c862a0120b3b714242412df2e5cf9815097ddf100f3e927d232a332a9789",
                "sha256:88f02404abb2fd82fbf049034af019ef5bfcd72fdd3494a857713a5e81554aad",
                "sha256:636db6118fd07e4d965c6e5601961fc508a20c5eec25ced32f29ae9bfc66bc3b",
                "sha256:cc599bf66a6e61bba98a5e9856f42cbc1e85d1042ce764042e8e38809556636e",
                "sha256:94ee51b3a67cd13c1f60ca536f0cc3fa7c73965559ffe8f8342f4e4078cd7822",
                "sha256:11400d5d58b53c828726b13f195c991d3582d12940657418174972a7f054d910",
                "sha256:67b4448beec2362bdfeb7891cf40d25e0209331b1fd13fbdccd538ac98394293",
                "sha256:76a5ef2e648209a38ca927f89f6bf6c025f8e2b86faf254bc2bd76ac8b66f407",
                "sha256:e6172b0feeca67823f5ac2522ef760baf7c12f49aef42289288fe063ad4d7114",
                "sha256:335865b4b90a86e05cb3cb6b543b0b42201d0e47e89ebea6cdbd1cb4cec9d560",
                "sha256:8f9d69fe7aa7aa147a05e7e676d13013eda7dd0d1cff02e2b5d3c8b620d69491",
                "sha256:25c70a6644cbb7471b75b99088cb5115ec68ddfb3466ef8291d8527eeb34ff41",
                "sha256:111278a187dc12737d6bff0ecfe810f7dda70e4ae989dfede8fa55db930b1a68",
                "sha256:10cc600a11155d5d14e0740df474463b2aa767361ad9e9168acaac8969f8fb8a",
                "sha256:8a1978a7f8c67016b28ab697e1c4625f0367ba51b8d9671a80bfd1256d92da6b"
            ]
        },
        "Metadata": {
            "LastTagTime": "2026-08-12T21:39:19.092821505Z"
        },
        "Descriptor": {
            "mediaType": "application/vnd.oci.image.index.v1+json",
            "digest": "sha256:12a4a6792530471517e53b30625bcfc45031a97bb9072f54bfa0c966e3fc2b5d",
            "size": 856
        },
        "Identity": {
            "Build": [
                {
                    "Ref": "9ec1sb6p3gcxdp3e1r0zka4kp",
                    "CreatedAt": "2026-08-12T18:39:27.780596328-03:00"
                }
            ]
        }
    }
]
fbfd01ecd41cc1615acef9f0fc9b3dd390e9605ebadd9a5dc86d78a425e2ac7b  /workspace/experiments/frozen/stage3b-qwake-c1-attempt-001-host-identity-permission-correction-v1/runtime-SHA256SUMS
.dockerignore: OK
Dockerfile.rocm: OK
pyproject.toml: OK
requirements/dev.txt: OK
requirements/lock-dev.txt: OK
requirements/lock-rocm.txt: OK
requirements/rocm.txt: OK
requirements/torch-cpu.txt: OK
scripts/container_entrypoint.sh: OK
scripts/run_stage3b_qwake_scientific_campaign.py: OK
scripts/run_stage3b_qwake_scientific_campaign_host.py: OK
src/torch2pc_thesis/__init__.py: OK
src/torch2pc_thesis/__main__.py: OK
src/torch2pc_thesis/array_types.py: OK
src/torch2pc_thesis/assets.py: OK
src/torch2pc_thesis/cli.py: OK
src/torch2pc_thesis/config.py: OK
src/torch2pc_thesis/controls.py: OK
src/torch2pc_thesis/cross_version.py: OK
src/torch2pc_thesis/data.py: OK
src/torch2pc_thesis/experiment.py: OK
src/torch2pc_thesis/layerwise.py: OK
src/torch2pc_thesis/legacy_adapter.py: OK
src/torch2pc_thesis/locality.py: OK
src/torch2pc_thesis/manifests.py: OK
src/torch2pc_thesis/metrics.py: OK
src/torch2pc_thesis/models.py: OK
src/torch2pc_thesis/pc_methods.py: OK
src/torch2pc_thesis/pcinfer_instrumentation.py: OK
src/torch2pc_thesis/profiling.py: OK
src/torch2pc_thesis/registry.py: OK
src/torch2pc_thesis/reporting.py: OK
src/torch2pc_thesis/representations.py: OK
src/torch2pc_thesis/reproducibility.py: OK
src/torch2pc_thesis/robustness.py: OK
src/torch2pc_thesis/stage3.py: OK
src/torch2pc_thesis/stage3_aggregation.py: OK
src/torch2pc_thesis/stage3_analysis.py: OK
src/torch2pc_thesis/stage3_depth_analysis.py: OK
src/torch2pc_thesis/stage3_figures.py: OK
src/torch2pc_thesis/stage3_statistics.py: OK
src/torch2pc_thesis/stage3b_a1_controls.py: OK
src/torch2pc_thesis/stage3b_a1_eq_s2.py: OK
src/torch2pc_thesis/stage3b_a1_mechanism_controls.py: OK
src/torch2pc_thesis/stage3b_a1_obs_ni0.py: OK
src/torch2pc_thesis/stage3b_a1_obs_oh0.py: OK
src/torch2pc_thesis/stage3b_a1_obs_oh0_memory.py: OK
src/torch2pc_thesis/stage3b_a1_observer.py: OK
src/torch2pc_thesis/stage3b_a1_shortcut.py: OK
src/torch2pc_thesis/stage3b_authorization.py: OK
src/torch2pc_thesis/stage3b_b0_analysis.py: OK
src/torch2pc_thesis/stage3b_b0_figures.py: OK
src/torch2pc_thesis/stage3b_b0_integration.py: OK
src/torch2pc_thesis/stage3b_b0_reporting.py: OK
src/torch2pc_thesis/stage3b_b1_confirmatory.py: OK
src/torch2pc_thesis/stage3b_b1_confirmatory_authorization.py: OK
src/torch2pc_thesis/stage3b_b1_confirmatory_sealing.py: OK
src/torch2pc_thesis/stage3b_b1_equivalence.py: OK
src/torch2pc_thesis/stage3b_b1_isolated_vjp.py: OK
src/torch2pc_thesis/stage3b_b1_reference_trace.py: OK
src/torch2pc_thesis/stage3b_b1_smoke.py: OK
src/torch2pc_thesis/stage3b_b2_composite_vjp.py: OK
src/torch2pc_thesis/stage3b_b2_confirmatory.py: OK
src/torch2pc_thesis/stage3b_b2_confirmatory_authorization.py: OK
src/torch2pc_thesis/stage3b_b2_confirmatory_sealing.py: OK
src/torch2pc_thesis/stage3b_b2_smoke.py: OK
src/torch2pc_thesis/stage3b_batch.py: OK
src/torch2pc_thesis/stage3b_candidate_instrumentation.py: OK
src/torch2pc_thesis/stage3b_canonical.py: OK
src/torch2pc_thesis/stage3b_canonical_child.py: OK
src/torch2pc_thesis/stage3b_execution.py: OK
src/torch2pc_thesis/stage3b_matched_analysis.py: OK
src/torch2pc_thesis/stage3b_matched_analysis_execution_request.py: OK
src/torch2pc_thesis/stage3b_matched_analysis_protocol.py: OK
src/torch2pc_thesis/stage3b_matched_analysis_runtime.py: OK
src/torch2pc_thesis/stage3b_matched_authorization.py: OK
src/torch2pc_thesis/stage3b_matched_child.py: OK
src/torch2pc_thesis/stage3b_matched_execution.py: OK
src/torch2pc_thesis/stage3b_matched_measurement.py: OK
src/torch2pc_thesis/stage3b_matched_profiling.py: OK
src/torch2pc_thesis/stage3b_matched_publication.py: OK
src/torch2pc_thesis/stage3b_matched_release.py: OK
src/torch2pc_thesis/stage3b_matched_runner.py: OK
src/torch2pc_thesis/stage3b_matched_sealing.py: OK
src/torch2pc_thesis/stage3b_profiling.py: OK
src/torch2pc_thesis/stage3b_protocol_contract.py: OK
src/torch2pc_thesis/stage3b_qwake_attempt_003_contract.py: OK
src/torch2pc_thesis/stage3b_qwake_attempt_003_execution_wrapper.py: OK
src/torch2pc_thesis/stage3b_qwake_attempt_003_host_invocation_chain.py: OK
src/torch2pc_thesis/stage3b_qwake_attempt_003_host_invocation_command_materialization.py: OK
src/torch2pc_thesis/stage3b_qwake_attempt_003_host_invocation_process_spawner.py: OK
src/torch2pc_thesis/stage3b_qwake_attempt_003_runtime_backend.py: OK
src/torch2pc_thesis/stage3b_qwake_attempt_003_source_closure.py: OK
src/torch2pc_thesis/stage3b_qwake_attempt_004_contract.py: OK
src/torch2pc_thesis/stage3b_qwake_attempt_004_cpu_measurement_stabilization.py: OK
src/torch2pc_thesis/stage3b_qwake_attempt_004_execution_wrapper.py: OK
src/torch2pc_thesis/stage3b_qwake_attempt_004_runtime_backend.py: OK
src/torch2pc_thesis/stage3b_qwake_attempt_005_contract.py: OK
src/torch2pc_thesis/stage3b_qwake_attempt_005_execution_wrapper.py: OK
src/torch2pc_thesis/stage3b_qwake_attempt_005_lane_isolation.py: OK
src/torch2pc_thesis/stage3b_qwake_attempt_005_runtime_backend.py: OK
src/torch2pc_thesis/stage3b_qwake_core.py: OK
src/torch2pc_thesis/stage3b_qwake_fp_pipeline.py: OK
src/torch2pc_thesis/stage3b_qwake_fp_runtime.py: OK
src/torch2pc_thesis/stage3b_qwake_fp_runtime_adapter.py: OK
src/torch2pc_thesis/stage3b_qwake_fp_runtime_torch.py: OK
src/torch2pc_thesis/stage3b_qwake_fp_spec.py: OK
src/torch2pc_thesis/stage3b_qwake_fp_validation.py: OK
src/torch2pc_thesis/stage3b_qwake_lc4_bounded.py: OK
src/torch2pc_thesis/stage3b_qwake_lc4_engineering_invocation_admission.py: OK
src/torch2pc_thesis/stage3b_qwake_lc4_engineering_invocation_execution_authorization.py: OK
src/torch2pc_thesis/stage3b_qwake_lc4_engineering_invocation_operation.py: OK
src/torch2pc_thesis/stage3b_qwake_lc4_engineering_invocation_preexecution_verification.py: OK
src/torch2pc_thesis/stage3b_qwake_lc4_engineering_invocation_runtime_operation.py: OK
src/torch2pc_thesis/stage3b_qwake_lc4_engineering_invocation_runtime_operation_identity_repair.py: OK
src/torch2pc_thesis/stage3b_qwake_lc4_execution_admission.py: OK
src/torch2pc_thesis/stage3b_qwake_lc4_execution_freeze.py: OK
src/torch2pc_thesis/stage3b_qwake_lc4_execution_wrapper.py: OK
src/torch2pc_thesis/stage3b_qwake_lc4_execution_wrapper_implementation.py: OK
src/torch2pc_thesis/stage3b_qwake_lc4_final_engineering_invocation_admission.py: OK
src/torch2pc_thesis/stage3b_qwake_lc4_final_engineering_invocation_authorization.py: OK
src/torch2pc_thesis/stage3b_qwake_lc4_final_engineering_invocation_authorization_consumption_attempt.py: OK
src/torch2pc_thesis/stage3b_qwake_lc4_final_engineering_invocation_authorization_consumption_attempt_atomic_transition.py: OK
src/torch2pc_thesis/stage3b_qwake_lc4_final_engineering_invocation_authorization_consumption_attempt_atomic_transition_operation.py: OK
src/torch2pc_thesis/stage3b_qwake_lc4_final_execution_acknowledgement_authoring.py: OK
src/torch2pc_thesis/stage3b_qwake_lc4_final_execution_acknowledgement_issuance_authoring.py: OK
src/torch2pc_thesis/stage3b_qwake_lc4_final_execution_acknowledgement_issuance_implementation.py: OK
src/torch2pc_thesis/stage3b_qwake_lc4_final_execution_acknowledgement_materialization.py: OK
src/torch2pc_thesis/stage3b_qwake_lc4_final_execution_acknowledgement_materialization_authoring.py: OK
src/torch2pc_thesis/stage3b_qwake_lc4_final_execution_acknowledgement_materialization_invocation.py: OK
src/torch2pc_thesis/stage3b_qwake_lc4_final_execution_acknowledgement_materialization_invocation_authoring.py: OK
src/torch2pc_thesis/stage3b_qwake_lc4_final_execution_acknowledgement_materialization_invocation_operation_authoring.py: OK
src/torch2pc_thesis/stage3b_qwake_lc4_final_execution_acknowledgement_materialization_invocation_operation_callsite_authoring.py: OK
src/torch2pc_thesis/stage3b_qwake_lc4_final_execution_acknowledgement_materialization_invocation_operation_callsite_execution_authoring.py: OK
src/torch2pc_thesis/stage3b_qwake_lc4_final_execution_acknowledgement_materialization_invocation_operation_callsite_execution_authorization.py: OK
src/torch2pc_thesis/stage3b_qwake_lc4_final_execution_acknowledgement_materialization_invocation_operation_callsite_implementation.py: OK
src/torch2pc_thesis/stage3b_qwake_lc4_final_execution_acknowledgement_materialization_invocation_operation_implementation.py: OK
src/torch2pc_thesis/stage3b_qwake_lc4_host_runtime_invoker.py: OK
src/torch2pc_thesis/stage3b_qwake_lc4_host_runtime_invoker_implementation.py: OK
src/torch2pc_thesis/stage3b_qwake_lc4_invocation_authorization.py: OK
src/torch2pc_thesis/stage3b_qwake_lc4_invocation_wrapper.py: OK
src/torch2pc_thesis/stage3b_qwake_lc4_invocation_wrapper_implementation.py: OK
src/torch2pc_thesis/stage3b_qwake_lc4_lease_bound_host_invoker_wiring.py: OK
src/torch2pc_thesis/stage3b_qwake_lc4_persistent_evidence_chain_v2.py: OK
src/torch2pc_thesis/stage3b_qwake_lc4_persistent_evidence_chain_v2_implementation.py: OK
src/torch2pc_thesis/stage3b_qwake_lc4_runtime_backend.py: OK
src/torch2pc_thesis/stage3b_qwake_lc4_runtime_freeze.py: OK
src/torch2pc_thesis/stage3b_qwake_scientific_campaign.py: OK
src/torch2pc_thesis/stage3b_qwake_scientific_runtime.py: OK
src/torch2pc_thesis/stage3b_sealing.py: OK
src/torch2pc_thesis/stage3b_si_ma0.py: OK
src/torch2pc_thesis/stage3b_si_ma0_aggregation.py: OK
src/torch2pc_thesis/stage3b_si_ma1.py: OK
src/torch2pc_thesis/stage3b_si_ma1_aggregation.py: OK
src/torch2pc_thesis/stage3b_si_ma1_confirmatory.py: OK
src/torch2pc_thesis/statistics.py: OK
src/torch2pc_thesis/training.py: OK
.....                                                                    [100%]
5 passed in 6.65s
...............................................                          [100%]
47 passed in 5.80s
No broken requirements found.
anyio==4.14.2
apex==1.9.0+rocm7.2.1.git355db9b8
argon2-cffi==25.1.0
argon2-cffi-bindings==25.1.0
arrow==1.4.0
ast_serialize==0.8.0
asttokens==3.0.2
async-lru==2.3.0
attrs==26.1.0
babel==2.18.0
backrefs==5.9
beautifulsoup4==4.15.0
bleach==6.4.0
build==1.4.2
certifi==2026.7.22
cffi==2.1.1
charset-normalizer==3.5.0
click==8.4.2
colorama==0.4.6
comm==0.2.3
contourpy==1.3.3
coverage==7.15.4
cxxfilt==0.3.0
cycler==0.12.1
debugpy==1.8.21
defusedxml==0.7.1
et_xmlfile==2.0.0
executing==2.2.1
fastjsonschema==2.22.1
filelock==3.25.2
fonttools==4.62.1
fqdn==1.5.1
fsspec==2026.3.0
ghp-import==2.1.0
h11==0.16.0
httpcore==1.0.9
httpx==0.28.1
hypothesis==6.151.10
idna==3.18
iniconfig==2.3.0
ipykernel==6.29.5
ipython==9.16.1
ipython_pygments_lexers==1.1.1
isoduration==20.11.0
jedi==0.20.0
Jinja2==3.1.6
joblib==1.5.3
json5==0.15.0
jsonpointer==3.1.1
jsonschema==4.26.0
jsonschema-specifications==2025.9.1
jupyter-events==0.12.1
jupyter-lsp==2.3.1
jupyter_client==8.9.1
jupyter_core==5.9.1
jupyter_server==2.20.0
jupyter_server_terminals==0.5.4
jupyterlab==4.4.4
jupyterlab_pygments==0.3.0
jupyterlab_server==2.28.0
kiwisolver==1.5.0
lark==1.3.1
librt==0.15.0
Markdown==3.10.3
MarkupSafe==3.0.3
matplotlib==3.11.1
matplotlib-inline==0.2.2
mergedeep==1.3.4
mistune==3.3.4
mkdocs==1.6.1
mkdocs-get-deps==0.2.2
mkdocs-material==9.6.15
mkdocs-material-extensions==1.3.1
mpmath==1.3.0
mypy==2.3.0
mypy_extensions==1.1.0
nbclient==0.10.2
nbconvert==7.17.1
nbformat==5.10.4
nest-asyncio==1.6.0
networkx==3.6.1
ninja==1.13.0
notebook_shim==0.2.4
numpy==2.2.6
openpyxl==3.1.5
packaging==26.0
paginate==0.5.7
pandas==2.3.1
pandocfilters==1.5.1
parso==0.8.7
pathspec==1.1.1
pexpect==4.9.0
pillow==12.1.1
platformdirs==4.11.2
pluggy==1.6.0
prometheus_client==0.26.0
prompt_toolkit==3.0.53
psutil==7.0.0
ptyprocess==0.7.0
pure_eval==0.2.3
py-cpuinfo==9.0.0
pycparser==3.0
Pygments==2.20.0
pymdown-extensions==10.21.3
pyparsing==3.3.2
pyproject_hooks==1.2.0
pytest==8.4.1
pytest-cov==6.2.1
python-dateutil==2.9.0.post0
python-json-logger==4.1.0
pytz==2026.3.post1
PyYAML==6.0.3
pyyaml_env_tag==1.1
pyzmq==27.1.0
referencing==0.37.0
requests==2.34.2
rfc3339-validator==0.1.4
rfc3986-validator==0.1.1
rfc3987-syntax==1.1.0
rpds-py==2026.6.3
ruff==0.12.2
scikit-learn==1.7.1
scipy==1.16.0
Send2Trash==2.1.0
setuptools==82.0.1
six==1.17.0
sortedcontainers==2.4.0
soupsieve==2.9.2
stack-data==0.6.3
sympy==1.14.0
terminado==0.18.1
threadpoolctl==3.6.0
tinycss2==1.5.1
torch==2.9.1+rocm7.2.1.lw.gitff65f5bc
# Editable install with no version control (torch2pc-layerwise-thesis==0.1.0)
-e /workspace
torchaudio==2.9.0+rocm7.2.1.gite3c6ee2b
torchvision==0.24.0+rocm7.2.1.gitb919bd0c
tornado==6.5.8
tqdm==4.67.3
traitlets==5.16.1
triton==3.5.1+rocm7.2.1.gita272dfa8
types-PyYAML==6.0.12.20260724
typing_extensions==4.15.0
tzdata==2026.3
uri-template==1.3.0
urllib3==2.7.0
watchdog==6.0.0
wcwidth==0.8.2
webcolors==25.10.0
webencodings==0.5.1
websocket-client==1.9.0
wheel==0.46.3
{"attempt002_created":false,"candidate_image_digest":"sha256:12a4a6792530471517e53b30625bcfc45031a97bb9072f54bfa0c966e3fc2b5d","cap_dac_override_added":false,"cap_drop_all_preserved":true,"container_primary_identity_bound_to_host_uid_gid":true,"dataset_absence_log_sha256":"sha256:e3b0c44298fc1c149afbf4c8996fb92427ae41e4649b934ca495991b7852b855","dataset_payload_present":false,"host_identity_correction_sha256":"sha256:dd827f2ecb5fc983ad9d800961c34f61d443240651dc007526332fe6215d24aa","new_c1_execution_authorization_issued":false,"new_c1_request_frozen":false,"pip_check_log_sha256":"sha256:9261363b733079a641c2e4cc9bc46ffa1d8336945a87f807b6cf68847dbc9b09","pip_check_passed":true,"pip_freeze_sha256":"sha256:2545d21775dae2e6a54b2c72111827c033694ab51469a2ddad55fe264e99aad2","preclaim_output_owner_write_contract":true,"previous_c1_request_reusable":false,"publication_permitted":false,"record_id":"stage3b-qwake-c1-host-identity-corrected-scientific-image-validation-summary-v1","runtime_closure_validated":true,"runtime_closure_validation_log_sha256":"sha256:217e1d62d28292bacdde7d7cb1e2022daf56944f94787f0ab392a799dd051062","runtime_manifest_identity":true,"runtime_manifest_identity_log_sha256":"sha256:5db89d2faaa7b7fa78ade1883bf59d2f240ff2c500cb5606d1240c025873eb71","runtime_source_path_count":157,"schema_version":1,"scientific_execution_open":false,"source_overlay":false,"targeted_validation_expected_pass_count":47,"targeted_validation_log_sha256":"sha256:01c6b3e023533e44f9afa613828445ac60674c2692afc78b7588ad48e2c9f6a8","targeted_validation_passed":true,"test_dataset_access":false,"test_resource_binding_permitted":false,"train_only_idx_parser":true,"train_only_isolation_expected_pass_count":5,"train_only_isolation_validation_log_sha256":"sha256:790c8f7c18b966b25c21d7cae9f715fe51210d1ecc8e85038029660ddc4b8e53","train_only_isolation_validation_passed":true,"validation_docker_run_count":7,"validation_gpu_devices_mounted":false,"validation_network_enabled":false,"validation_summary_sha256":"sha256:1db90d2b1aca5293962f4a83ca2d2ac9b839a144826239b068a55c23cc4c25f5","video_render_supplementary_groups_bound":true}
{"attempt002_created":false,"attempt_sha256":"sha256:659a8ebd875482980bdadfdb1fbc28955b1720745136d26cbbbee38ae6b982a9","authoring_commit":"af8b25872ef6fa092fb3a24e9c390489aa23f986","authoring_diff_sha256":"3ed683fd5d21bcec645c3113c0239d40641d86ec6a5a35be406d28d95d876897","authorization_sha256":"sha256:f342a1af92d89b8b7344f90163f4515d4e683b9889bc5088771bceffe3e75d77","automatic_retry_permitted":false,"base_image_id":"sha256:96a2fb24dec9896e2f8238178f0c49d0dcc4c7dcc597be09e4564316bd86d191","base_image_pull_performed":false,"base_image_repo_digest":"rocm/pytorch@sha256:96a2fb24dec9896e2f8238178f0c49d0dcc4c7dcc597be09e4564316bd86d191","build_outcome_sha256":"sha256:b26aafb2ef8c1de1d02e3f240a35de2c742424f10916e589bf45bd2a109b4ca9","c1_collection_open":false,"c2_calibration_open":false,"c3_confirmatory_open":false,"candidate_image_mutated":false,"candidate_rebuilt":false,"candidate_validation_passed":true,"cap_dac_override_added":false,"cap_drop_all_preserved":true,"container_primary_identity_bound_to_host_uid_gid":true,"docker_build_count":1,"freeze_id":"stage3b-qwake-c1-host-identity-corrected-scientific-image-freeze-v1","freeze_sha256":"sha256:ea207e6d31507d449e24fc30bb74fb21ec6560b1ec4a777cb1199de3ad63184f","frozen_at_utc":"2026-08-12T21:39:46Z","host_identity_correction_sha256":"sha256:dd827f2ecb5fc983ad9d800961c34f61d443240651dc007526332fe6215d24aa","image_build_log_sha256":"sha256:f520ee8f5b5017008417ba2ff774605157108f7e54c391d8010b31ca74fa176e","image_digest":"sha256:12a4a6792530471517e53b30625bcfc45031a97bb9072f54bfa0c966e3fc2b5d","image_inspection_sha256":"sha256:61849643ca730e30facda38887951565e799bd916699b0a0f4a1268f7f6ad9fb","image_tag":"torch2pc-layerwise-thesis:0.1.0-c1hostfix-98cff5b2ecd6","new_c1_execution_authorization_issued":false,"new_c1_request_freeze_required":true,"new_c1_request_frozen":false,"pip_freeze_sha256":"sha256:2545d21775dae2e6a54b2c72111827c033694ab51469a2ddad55fe264e99aad2","post_merge_verification_log_sha256":"sha256:66da4f44aa1165b5ccd8df4b8e5c2d5b31216971d053bb95f39c9c4273a77d5d","preclaim_output_owner_write_contract":true,"previous_c1_request_freeze_sha256":"sha256:340f46bae2ca11e679893464f9f430ac93f1af49d39606b57638ba714e131bcc","previous_c1_request_reusable":false,"previous_c1_request_sha256":"sha256:7e238ed8a61b7d80e52d67eef8a5f3af6e0c889c81b885a28a98df237284442e","previous_scientific_image_digest":"sha256:89703b0b37b2729855835a6ed19ba1ca397ae14614c318344bd7625d12c727ef","previous_scientific_image_freeze_sha256":"sha256:ce8c054c92df18512b2a88ac25148f44c15487d8c2d4e68d8751966ac17bf287","previous_scientific_image_mutated":false,"publication_permitted":false,"replication_open":false,"repository_integration_performed":false,"runtime_source_manifest_sha256":"sha256:fbfd01ecd41cc1615acef9f0fc9b3dd390e9605ebadd9a5dc86d78a425e2ac7b","same_image_digest_required_across_c1_c2_c3_r":true,"schema_version":1,"scientific_execution_open":false,"scientific_image_frozen":true,"source_commit":"98cff5b2ecd64e1c96e19f0b04104ac00a5c3cf2","source_overlay":false,"source_tree":"855889593a33bb6450e31cfc9feb152d14bd5292","test_dataset_access":false,"test_resource_binding_permitted":false,"train_only_idx_parser":true,"validation_docker_run_count":7,"validation_summary_sha256":"sha256:1db90d2b1aca5293962f4a83ca2d2ac9b839a144826239b068a55c23cc4c25f5","video_render_supplementary_groups_bound":true}
8abcd6321d985c2385b2ed466614ffc3cc44ec6ce4317ecc18861462349da5bd  authorization.json
66da4f44aa1165b5ccd8df4b8e5c2d5b31216971d053bb95f39c9c4273a77d5d  post-merge-verification.log
2418dd40ade16d0803973817d3daca7a9cd9cfa9f52d3c633554d657d78a05af  source-identity.json
fbfd01ecd41cc1615acef9f0fc9b3dd390e9605ebadd9a5dc86d78a425e2ac7b  runtime-source-SHA256SUMS
d796792049a24c53a709a93208718e3ec47f3a6bd4537c5a200050a43fb5b4f5  materialization-attempt.json
f520ee8f5b5017008417ba2ff774605157108f7e54c391d8010b31ca74fa176e  image-build.log
513c270b91a8649bbf90182403646a5259d4f3394ceadff81b775e0261ad97b2  build-outcome.json
61849643ca730e30facda38887951565e799bd916699b0a0f4a1268f7f6ad9fb  image-inspection.json
5db89d2faaa7b7fa78ade1883bf59d2f240ff2c500cb5606d1240c025873eb71  runtime-manifest-identity.log
217e1d62d28292bacdde7d7cb1e2022daf56944f94787f0ab392a799dd051062  runtime-closure-validation.log
790c8f7c18b966b25c21d7cae9f715fe51210d1ecc8e85038029660ddc4b8e53  train-only-isolation-validation.log
01c6b3e023533e44f9afa613828445ac60674c2692afc78b7588ad48e2c9f6a8  targeted-validation.log
9261363b733079a641c2e4cc9bc46ffa1d8336945a87f807b6cf68847dbc9b09  pip-check.log
2545d21775dae2e6a54b2c72111827c033694ab51469a2ddad55fe264e99aad2  pip-freeze.txt
e3b0c44298fc1c149afbf4c8996fb92427ae41e4649b934ca495991b7852b855  dataset-absence.log
9e6f1ee6c95edde1b769b7657a0fd370c83d54504828f44e86d1eb65ba36a672  validation-summary.json
fa2b526f8b714f3e3ab08f00a43cfb8eddba8c7216128a1fe7cd4e1a2920371d  freeze.json
ORIGINAL_EVIDENCE_BYTES_PRESERVED=true
ORIGINAL_EVIDENCE_FILE_COUNT=18
MERGED_EXTERNAL_EVIDENCE_BYTES_EXACT=true
MERGED_GIT_BLOBS_EXTERNAL_EVIDENCE_EXACT=true
ORIGINAL_SHA256SUMS_EXACT=true
REPOSITORY_SHA256SUMS_EXACT=true
REPOSITORY_SHA256SUMS_ENTRY_COUNT=21
REPOSITORY_INTEGRATION_SELF_HASH_EXACT=true
REPOSITORY_INTEGRATION_SHA256=sha256:66369e9f6f666e94625f403c341028ae2249a7e74707c22b0fef75231b67fc46
RECOVERY_PROVENANCE_CHAIN_EXACT=true
NEWLINE_ESCAPE_RECOVERY_RECORDED=true
EVIDENCE_SURFACE_RECOVERY_RECORDED=true
RUFF_SCOPE_RECOVERY_RECORDED=true
GLOBAL_RUFF_FORMAT_REFORMAT_PATH_COUNT=371
GLOBAL_RUFF_FORMAT_TARGETS_ALL_BYTE_IDENTICAL_TO_BASE=true
BASE_PREEXISTING_FORMATTER_DRIFT_MODIFIED=false
PREVIOUS_C1_REQUEST_REUSABLE=false
NEW_C1_REQUEST_FREEZE_REQUIRED=true
NEW_C1_REQUEST_FROZEN=false
NEW_C1_EXECUTION_AUTHORIZATION_ISSUED=false
ATTEMPT002_CREATED=false
SCIENTIFIC_EXECUTION_OPEN=false
TEST_DATASET_ACCESS=false
PUBLICATION_PERMITTED=false
experiments/frozen/stage3b-qwake-c1-host-identity-corrected-scientific-image-freeze-v1/dataset-absence.log: text: unset
experiments/frozen/stage3b-qwake-c1-host-identity-corrected-scientific-image-freeze-v1/dataset-absence.log: diff: unset
experiments/frozen/stage3b-qwake-c1-host-identity-corrected-scientific-image-freeze-v1/dataset-absence.log: merge: unset
experiments/frozen/stage3b-qwake-c1-host-identity-corrected-scientific-image-freeze-v1/image-build.log: text: unset
experiments/frozen/stage3b-qwake-c1-host-identity-corrected-scientific-image-freeze-v1/image-build.log: diff: unset
experiments/frozen/stage3b-qwake-c1-host-identity-corrected-scientific-image-freeze-v1/image-build.log: merge: unset
experiments/frozen/stage3b-qwake-c1-host-identity-corrected-scientific-image-freeze-v1/pip-check.log: text: unset
experiments/frozen/stage3b-qwake-c1-host-identity-corrected-scientific-image-freeze-v1/pip-check.log: diff: unset
experiments/frozen/stage3b-qwake-c1-host-identity-corrected-scientific-image-freeze-v1/pip-check.log: merge: unset
experiments/frozen/stage3b-qwake-c1-host-identity-corrected-scientific-image-freeze-v1/post-merge-verification.log: text: unset
experiments/frozen/stage3b-qwake-c1-host-identity-corrected-scientific-image-freeze-v1/post-merge-verification.log: diff: unset
experiments/frozen/stage3b-qwake-c1-host-identity-corrected-scientific-image-freeze-v1/post-merge-verification.log: merge: unset
experiments/frozen/stage3b-qwake-c1-host-identity-corrected-scientific-image-freeze-v1/runtime-closure-validation.log: text: unset
experiments/frozen/stage3b-qwake-c1-host-identity-corrected-scientific-image-freeze-v1/runtime-closure-validation.log: diff: unset
experiments/frozen/stage3b-qwake-c1-host-identity-corrected-scientific-image-freeze-v1/runtime-closure-validation.log: merge: unset
experiments/frozen/stage3b-qwake-c1-host-identity-corrected-scientific-image-freeze-v1/runtime-manifest-identity.log: text: unset
experiments/frozen/stage3b-qwake-c1-host-identity-corrected-scientific-image-freeze-v1/runtime-manifest-identity.log: diff: unset
experiments/frozen/stage3b-qwake-c1-host-identity-corrected-scientific-image-freeze-v1/runtime-manifest-identity.log: merge: unset
experiments/frozen/stage3b-qwake-c1-host-identity-corrected-scientific-image-freeze-v1/targeted-validation.log: text: unset
experiments/frozen/stage3b-qwake-c1-host-identity-corrected-scientific-image-freeze-v1/targeted-validation.log: diff: unset
experiments/frozen/stage3b-qwake-c1-host-identity-corrected-scientific-image-freeze-v1/targeted-validation.log: merge: unset
experiments/frozen/stage3b-qwake-c1-host-identity-corrected-scientific-image-freeze-v1/train-only-isolation-validation.log: text: unset
experiments/frozen/stage3b-qwake-c1-host-identity-corrected-scientific-image-freeze-v1/train-only-isolation-validation.log: diff: unset
experiments/frozen/stage3b-qwake-c1-host-identity-corrected-scientific-image-freeze-v1/train-only-isolation-validation.log: merge: unset
GIT_BYTE_PRESERVATION_RULE_EXACT=true
GIT_BINARY_EXTERNAL_LOG_PATH_COUNT=8
ADR_STATUS_BINDINGS_EXACT=true
4e8f293d209bdc1661f8fca9095e5c522673b559	refs/heads/main
=== QWAKE C1 HOSTFIX IMAGE FREEZE REPOSITORY POST-MERGE VERIFY V1 SUCCESS ===
FINAL_STATUS=0
PR203_MERGED=true
BASE_COMMIT=98cff5b2ecd64e1c96e19f0b04104ac00a5c3cf2
BASE_TREE=855889593a33bb6450e31cfc9feb152d14bd5292
AUTHORING_COMMIT=02d4ba8e283977f8e12920289d9ce7f9c1103583
AUTHORING_TREE=d58d96865f35c1f387f9b3406380f238280cd7da
AUTHORING_DIFF_SHA256=fe0e636146902a1a12167b52b91616fb790099fdc78d3c019aeeede97517351e
MERGE_COMMIT=4e8f293d209bdc1661f8fca9095e5c522673b559
MERGE_TREE=d58d96865f35c1f387f9b3406380f238280cd7da
MERGE_TREE_EQUALS_AUTHORING_TREE=true
PATCH_PATH_COUNT=30
IMAGE_DIGEST=sha256:12a4a6792530471517e53b30625bcfc45031a97bb9072f54bfa0c966e3fc2b5d
FREEZE_SHA256=sha256:ea207e6d31507d449e24fc30bb74fb21ec6560b1ec4a777cb1199de3ad63184f
REPOSITORY_INTEGRATION_SHA256=sha256:66369e9f6f666e94625f403c341028ae2249a7e74707c22b0fef75231b67fc46
ORIGINAL_EVIDENCE_SHA256SUMS_SHA256=sha256:051b3665616705f0538b7fdd78d43e15eae2fa05815d62848ec68fb4253004aa
ORIGINAL_EVIDENCE_BYTES_PRESERVED=true
MERGED_EXTERNAL_EVIDENCE_BYTES_EXACT=true
MERGED_GIT_BLOBS_EXTERNAL_EVIDENCE_EXACT=true
GIT_BYTE_PRESERVATION_RULE_EXACT=true
C1_HOSTFIX_IMAGE_FREEZE_REPOSITORY_POST_MERGE_VERIFIED=true
PREVIOUS_C1_REQUEST_REUSABLE=false
NEW_C1_REQUEST_FREEZE_REQUIRED=true
NEW_C1_REQUEST_FROZEN=false
NEW_C1_EXECUTION_AUTHORIZATION_ISSUED=false
ATTEMPT002_CREATED=false
DOCKER_BUILD_INVOKED=false
DOCKER_RUN_INVOKED=false
TEST_DATASET_ACCESS=false
PUBLICATION_PERMITTED=false
NEXT=authorize_new_c1_request_freeze
PR203_POST_MERGE_VERIFIER_IDENTITY_EXACT=true
PR203_POST_MERGE_SEAL_REPLAY=PASS
PREVIOUS_C1_REQUEST_FREEZE_EXACT=true
PREVIOUS_C1_REQUEST_REUSABLE=false
TRAIN_ONLY_DATASET_BINDING_REVERIFIED=true
OPENED_DATASET_RESOURCE_COUNT=2
TEST_RESOURCE_PATH_BOUND=false
TEST_DATASET_ACCESS=false
C1_REQUEST_FREEZE_EVIDENCE_INVENTORY_EXACT=true
C1_REQUEST_FREEZE_SHA256SUMS_EXACT=true
C1_REQUEST_FREEZE_SELF_HASH_CHAIN_EXACT=true
PREREGISTRATION_MANIFEST_SHA256=sha256:ed82a638b31761364f06fd460bec64bb668f6a9cb4bd077af53339dfd479048b
C1_REQUEST_SHA256=sha256:af7c27ec0db83d907b51361a8bb726db51f41fdbdc6bc341156b420648c606fd
C1_REQUEST_FILE_SHA256=sha256:41bdb53052e03476ba908bf1ee1cbda0cda231c06361fcb6031848d857e0f19b
C1_REQUEST_FREEZE_SHA256=sha256:7fe57faefcc3aa92463e01422546e015e02e7a68c13dbbc9df1ef9feb7452b82
C1_REQUEST_CANONICAL_CONTRACT_VALID=true
C1_REQUEST_DETERMINISTIC_IDENTITY_EXACT=true
C1_REQUEST_ROLE=C1_COLLECTION
C1_REQUEST_PARTITION=design
C1_REQUEST_MODEL_SEEDS=70,71,72
C1_REQUEST_BATCH_COUNT=36
C1_REQUEST_CELL_COUNT=108
TRAIN_ONLY_DATASET_BINDING=true
TEST_RESOURCE_PATH_BOUND=false
TEST_DATASET_ACCESS=false
PREVIOUS_C1_REQUEST_REUSABLE=false
NEW_C1_REQUEST_FROZEN=true
NEW_C1_EXECUTION_AUTHORIZATION_ISSUED=false
ATTEMPT002_CREATED=false
/home/dzmitry-prychyna/torch2pc-layerwise-thesis-c1-hostfix-request-freeze-integration-v1
4e8f293d209bdc1661f8fca9095e5c522673b559
d58d96865f35c1f387f9b3406380f238280cd7da
4e8f293d209bdc1661f8fca9095e5c522673b559	refs/heads/main
855889593a33bb6450e31cfc9feb152d14bd5292
CANONICAL_MAIN_EXACT=true
BAKED_IMAGE_SOURCE_IDENTITY_EXACT=true
BAKED_IMAGE_SOURCE_IS_ANCESTOR_OF_CANONICAL_MAIN=true
=== QWAKE NEW C1 REQUEST FREEZE INDEPENDENT VERIFICATION V1 SUCCESS ===
FINAL_STATUS=0
CANONICAL_REPOSITORY_MAIN=4e8f293d209bdc1661f8fca9095e5c522673b559
CANONICAL_REPOSITORY_TREE=d58d96865f35c1f387f9b3406380f238280cd7da
BAKED_IMAGE_SOURCE_COMMIT=98cff5b2ecd64e1c96e19f0b04104ac00a5c3cf2
BAKED_IMAGE_SOURCE_TREE=855889593a33bb6450e31cfc9feb152d14bd5292
IMAGE_DIGEST=sha256:12a4a6792530471517e53b30625bcfc45031a97bb9072f54bfa0c966e3fc2b5d
IMAGE_FREEZE_SHA256=sha256:ea207e6d31507d449e24fc30bb74fb21ec6560b1ec4a777cb1199de3ad63184f
IMAGE_REPOSITORY_INTEGRATION_SHA256=sha256:66369e9f6f666e94625f403c341028ae2249a7e74707c22b0fef75231b67fc46
PREREGISTRATION_MANIFEST_SHA256=sha256:ed82a638b31761364f06fd460bec64bb668f6a9cb4bd077af53339dfd479048b
C1_REQUEST_SHA256=sha256:af7c27ec0db83d907b51361a8bb726db51f41fdbdc6bc341156b420648c606fd
C1_REQUEST_FILE_SHA256=sha256:41bdb53052e03476ba908bf1ee1cbda0cda231c06361fcb6031848d857e0f19b
C1_REQUEST_FREEZE_SHA256=sha256:7fe57faefcc3aa92463e01422546e015e02e7a68c13dbbc9df1ef9feb7452b82
C1_REQUEST_FREEZE_INDEPENDENTLY_VERIFIED=true
PREVIOUS_C1_REQUEST_REUSABLE=false
NEW_C1_REQUEST_FROZEN=true
NEW_C1_EXECUTION_AUTHORIZATION_ISSUED=false
ATTEMPT002_CREATED=false
C1_COLLECTION_OPEN=false
SCIENTIFIC_EXECUTION_OPEN=false
TEST_DATASET_ACCESS=false
PUBLICATION_PERMITTED=false
NEXT=authorize_new_c1_request_freeze_repository_integration
